Least of These Carolinas,,,,,,,,,,,,,,,,,,,,,,,,,,,,,,,,,,,,,,,,,,,,,,,,,,,,,,,,,,,,,,,,,,,,,,,,,,,,,,,,,,,,,,,,,,,,,,,,,,,,
Budget vs. Actuals,,,,,,,,,,,,,,,,,,,,,,,,,,,,,,,,,,,,,,,,,,,,,,,,,,,,,,,,,,,,,,,,,,,,,,,,,,,,,,,,,,,,,,,,,,,,,,,,,,,,
From date: 2025-01-01; Accounting Method: Cash; Budget: Budget_FY26_P&L; Display columns by: Months; Show rows: Active; Show columns: Active,,,,,,,,,,,,,,,,,,,,,,,,,,,,,,,,,,,,,,,,,,,,,,,,,,,,,,,,,,,,,,,,,,,,,,,,,,,,,,,,,,,,,,,,,,,,,,,,,,,,
 ,Jan 2025 Actual,Jan 2025 Budget,Jan 2025 Over Budget,Jan 2025 % of Budget,Feb 2025 Actual,Feb 2025 Budget,Feb 2025 Over Budget,Feb 2025 % of Budget,Mar 2025 Actual,Mar 2025 Budget,Mar 2025 Over Budget,Mar 2025 % of Budget,Apr 2025 Actual,Apr 2025 Budget,Apr 2025 Over Budget,Apr 2025 % of Budget,May 2025 Actual,May 2025 Budget,May 2025 Over Budget,May 2025 % of Budget,Jun 2025 Actual,Jun 2025 Budget,Jun 2025 Over Budget,Jun 2025 % of Budget,Jul 2025 Actual,Jul 2025 Budget,Jul 2025 Over Budget,Jul 2025 % of Budget,Aug 2025 Actual,Aug 2025 Budget,Aug 2025 Over Budget,Aug 2025 % of Budget,Sep 2025 Actual,Sep 2025 Budget,Sep 2025 Over Budget,Sep 2025 % of Budget,Oct 2025 Actual,Oct 2025 Budget,Oct 2025 Over Budget,Oct 2025 % of Budget,Nov 2025 Actual,Nov 2025 Budget,Nov 2025 Over Budget,Nov 2025 % of Budget,Dec 2025 Actual,Dec 2025 Budget,Dec 2025 Over Budget,Dec 2025 % of Budget,Jan 2026 Actual,Jan 2026 Budget,Jan 2026 Over Budget,Jan 2026 % of Budget,Feb 2026 Actual,Feb 2026 Budget,Feb 2026 Over Budget,Feb 2026 % of Budget,Mar 2026 Actual,Mar 2026 Budget,Mar 2026 Over Budget,Mar 2026 % of Budget,Apr 2026 Actual,Apr 2026 Budget,Apr 2026 Over Budget,Apr 2026 % of Budget,May 2026 Actual,May 2026 Budget,May 2026 Over Budget,May 2026 % of Budget,Jun 2026 Actual,Jun 2026 Budget,Jun 2026 Over Budget,Jun 2026 % of Budget,Jul 2026 Actual,Jul 2026 Budget,Jul 2026 Over Budget,Jul 2026 % of Budget,Aug 2026 Actual,Aug 2026 Budget,Aug 2026 Over Budget,Aug 2026 % of Budget,Sep 2026 Actual,Sep 2026 Budget,Sep 2026 Over Budget,Sep 2026 % of Budget,Oct 2026 Actual,Oct 2026 Budget,Oct 2026 Over Budget,Oct 2026 % of Budget,Nov 2026 Actual,Nov 2026 Budget,Nov 2026 Over Budget,Nov 2026 % of Budget,Dec 2026 Actual,Dec 2026 Budget,Dec 2026 Over Budget,Dec 2026 % of Budget,Total Actual,Total Budget,Total Over Budget,Total % of Budget
Revenue,,,,,,,,,,,,,,,,,,,,,,,,,,,,,,,,,,,,,,,,,,,,,,,,,,,,,,,,,,,,,,,,,,,,,,,,,,,,,,,,,,,,,,,,,,,,,,,,,,,,
405 Non Cash (In Kind) Donations,,,,,,,,,,,,,,,,,,,,,,,,,,,,,,,,,,,,,,,,,,,,,,,,,,,,,,,,,,,,,,,,,,,,,,,,,,,,,,,,,,,,,,,,,,,,,,,,,0.00,0.00,0.00,0.00%
40510 In Kind Donations - Goods,8212.60,,8212.60,,4971.54,,4971.54,,9010.36,,9010.36,,6810.96,,6810.96,,20387.00,,20387.00,,5216.00,,5216.00,,8503.50,,8503.50,,40662.75,,40662.75,,22532.49,,22532.49,,3990.00,,3990.00,,,,,,52293.25,,52293.25,,8279.00,2139.51,6139.49,386.96 %,,2256.24,-2256.24,,,2989.19,-2989.19,,,2767.01,-2767.01,,,6015.44,-6015.44,,,2835.41,-2835.41,,,12064.14,-12064.14,,,15333.84,-15333.84,,,2769.50,-2769.50,,,757.90,-757.90,,,0.00,0.00,,,22671.82,-22671.82,,190869.45,72600.00,118269.45,262.91 %
40511 In Kind Donations - Services,,,,,,,,,,,,,,,,,,,,,,,,,,,,,,,,,,,,,,,,,,,,,275.00,,275.00,,,,,,,,,,,,,,,,,,,,,,,,,,,,,,,,,,,,,,,,,,,,,,,,,,275.00,0.00,275.00,0.00%
Total 405 Non Cash (In Kind) Donations,8212.60,0.00,8212.60,0.00,4971.54,0.00,4971.54,0.00,9010.36,0.00,9010.36,0.00,6810.96,0.00,6810.96,0.00,20387.00,0.00,20387.00,0.00,5216.00,0.00,5216.00,0.00,8503.50,0.00,8503.50,0.00,40662.75,0.00,40662.75,0.00,22532.49,0.00,22532.49,0.00,3990.00,0.00,3990.00,0.00,0.00,0.00,0.00,0.00,52568.25,0.00,52568.25,0.00,8279.00,2139.51,6139.49,386.96 %,0.00,2256.24,-2256.24,0.00,0.00,2989.19,-2989.19,0.00,0.00,2767.01,-2767.01,0.00,0.00,6015.44,-6015.44,0.00,0.00,2835.41,-2835.41,0.00,0.00,12064.14,-12064.14,0.00,0.00,15333.84,-15333.84,0.00,0.00,2769.50,-2769.50,0.00,0.00,757.90,-757.90,0.00,0.00,0.00,0.00,0.00,0.00,22671.82,-22671.82,0.00,191144.45,72600.00,118544.45,263.28 %
410 Contributions,,,,,,,,,,,,,,,,,,,,,,,,,,,,,,,,,,,,,,,,,,,,,,,,,,,,,,,,,,,,,,,,,,,,,,,,,,,,,,,,,,,,,,,,,,,,,,,,,0.00,0.00,0.00,0.00%
411 Unrestricted Contributions,,,,,,,,,,,,,,,,,,,,,,,,,,,,,,,,,,,,,,,,,,,,,,,,,,,,,,,,,,,,,,,,,,,,,,,,,,,,,,,,,,,,,,,,,,,,,,,,,0.00,0.00,0.00,0.00%
41000 Unrestricted General Contributions,63010.94,,63010.94,,22420.76,,22420.76,,35364.05,,35364.05,,58594.95,,58594.95,,42274.89,,42274.89,,23672.77,,23672.77,,37000.88,,37000.88,,46010.71,,46010.71,,30664.14,,30664.14,,25103.66,,25103.66,,25335.82,,25335.82,,400749.98,,400749.98,,46864.31,44363.00,2501.31,105.64 %,14598.48,36409.00,-21810.52,40.10 %,,37445.88,-37445.88,,,45200.00,-45200.00,,,49571.00,-49571.00,,,40932.00,-40932.00,,,40153.00,-40153.00,,,43547.00,-43547.00,,,42381.00,-42381.00,,,45606.00,-45606.00,,,174155.00,-174155.00,,,125691.00,-125691.00,,871666.34,725453.88,146212.46,120.15 %
41005 Marketing Revenue,,,,,,,,,,,,,,,,,,,,,,,,,,,,,,,,,,,,,,,,,,,,,,,,,34.61,,34.61,,,,,,,,,,,,,,,,,,,,,,,,,,,,,,,,,,,,,,,,,,,,,,34.61,0.00,34.61,0.00%
Allocations - Zero out Programs,,,,,,,,,,,,,,,,,,,,,,,,,,,,,,,,,,,,,,,,,,,,,0.00,,0.00,,,0.00,0.00,,,0.00,0.00,,,0.00,0.00,,,0.00,0.00,,,0.00,0.00,,,0.00,0.00,,,0.00,0.00,,,0.00,0.00,,,0.00,0.00,,,0.00,0.00,,,0.00,0.00,,,0.00,0.00,,0.00,0.00,0.00,0.00%
Total 411 Unrestricted Contributions,63010.94,0.00,63010.94,0.00,22420.76,0.00,22420.76,0.00,35364.05,0.00,35364.05,0.00,58594.95,0.00,58594.95,0.00,42274.89,0.00,42274.89,0.00,23672.77,0.00,23672.77,0.00,37000.88,0.00,37000.88,0.00,46010.71,0.00,46010.71,0.00,30664.14,0.00,30664.14,0.00,25103.66,0.00,25103.66,0.00,25335.82,0.00,25335.82,0.00,400749.98,0.00,400749.98,0.00,46898.92,44363.00,2535.92,105.72 %,14598.48,36409.00,-21810.52,40.10 %,0.00,37445.88,-37445.88,0.00,0.00,45200.00,-45200.00,0.00,0.00,49571.00,-49571.00,0.00,0.00,40932.00,-40932.00,0.00,0.00,40153.00,-40153.00,0.00,0.00,43547.00,-43547.00,0.00,0.00,42381.00,-42381.00,0.00,0.00,45606.00,-45606.00,0.00,0.00,174155.00,-174155.00,0.00,0.00,125691.00,-125691.00,0.00,871700.95,725453.88,146247.07,120.16 %
415 Restricted Contributions,,,,,,,,,,,,,,,,,,,,,,,,,,,,,,,,,,,,,,,,,,,,,,,,,,,,,,,,,,,,,,,,,,,,,,,,,,,,,,,,,,,,,,,,,,,,,,,,,0.00,0.00,0.00,0.00%
41501 Operational (Conerstone) Fund,2100.00,,2100.00,,2100.00,,2100.00,,,,,,2100.00,,2100.00,,2100.00,,2100.00,,2100.00,,2100.00,,,,,,2100.00,,2100.00,,2100.00,,2100.00,,2100.00,,2100.00,,,,,,19200.00,,19200.00,,,2100.00,-2100.00,,,2100.00,-2100.00,,,2100.00,-2100.00,,,2100.00,-2100.00,,,2100.00,-2100.00,,,2100.00,-2100.00,,,2100.00,-2100.00,,,2100.00,-2100.00,,,2100.00,-2100.00,,,2100.00,-2100.00,,,2100.00,-2100.00,,,2100.00,-2100.00,,36000.00,25200.00,10800.00,142.86 %
41503 Headquarter Building Contributions,400.00,,400.00,,400.00,,400.00,,100400.00,,100400.00,,400.00,,400.00,,410.00,,410.00,,10.00,,10.00,,100.00,,100.00,,,,,,10000.00,,10000.00,,,,,,49734.02,,49734.02,,,,,,,,,,,,,,,,,,,,,,,,,,,,,,,,,,,,,,,,,,,,,,,,,,,,,,161854.02,0.00,161854.02,0.00%
41510 Bags Of Hope Contributions,1645.00,,1645.00,,995.00,,995.00,,1250.00,,1250.00,,3569.39,,3569.39,,9790.07,,9790.07,,990.00,,990.00,,2693.87,,2693.87,,13872.05,,13872.05,,2522.84,,2522.84,,1651.71,,1651.71,,8265.00,,8265.00,,32487.90,,32487.90,,1253.15,1051.00,202.15,119.23 %,1150.00,636.00,514.00,180.82 %,,799.00,-799.00,,,2281.00,-2281.00,,,6257.00,-6257.00,,,633.00,-633.00,,,1722.00,-1722.00,,,8866.00,-8866.00,,,1612.00,-1612.00,,,1056.00,-1056.00,,,5282.00,-5282.00,,,19805.00,-19805.00,,82135.98,50000.00,32135.98,164.27 %
41513 Birthday Contributions,50.00,,50.00,,50.00,,50.00,,550.00,,550.00,,50.00,,50.00,,50.00,,50.00,,400.00,,400.00,,225.00,,225.00,,100.00,,100.00,,150.00,,150.00,,200.00,,200.00,,100.00,,100.00,,300.00,,300.00,,300.00,48.00,252.00,625.00 %,,47.00,-47.00,,,518.00,-518.00,,,47.00,-47.00,,,47.00,-47.00,,,376.00,-376.00,,,212.00,-212.00,,,94.00,-94.00,,,141.00,-141.00,,,188.00,-188.00,,,94.00,-94.00,,,188.00,-188.00,,2525.00,2000.00,525.00,126.25 %
41515 Bridge Camp Contributions,85.00,,85.00,,10.00,,10.00,,10.00,,10.00,,180.00,,180.00,,15015.00,,15015.00,,550.00,,550.00,,140.00,,140.00,,2045.00,,2045.00,,145.00,,145.00,,20.00,,20.00,,20.00,,20.00,,220.00,,220.00,,2270.00,63.00,2207.00,"3,603.17 %",,8.00,-8.00,,,7.00,-7.00,,,134.00,-134.00,,,11155.00,-11155.00,,,409.00,-409.00,,,104.00,-104.00,,,1519.00,-1519.00,,,108.00,-108.00,,,15.00,-15.00,,,15.00,-15.00,,,163.00,-163.00,,20710.00,13700.00,7010.00,151.17 %
41516 Bridgecamp Registration Fees,,,,,,,,,,,,,1325.00,,1325.00,,1325.00,,1325.00,,875.00,,875.00,,100.00,,100.00,,125.00,,125.00,,,,,,,,,,,,,,,,,,,0.00,0.00,,,0.00,0.00,,,0.00,0.00,,,1325.00,-1325.00,,,1325.00,-1325.00,,,875.00,-875.00,,,100.00,-100.00,,,125.00,-125.00,,,0.00,0.00,,,0.00,0.00,,,0.00,0.00,,,0.00,0.00,,3750.00,3750.00,0.00,100.00 %
41520 Christmas Contributions,1625.00,,1625.00,,,,,,50.00,,50.00,,25.00,,25.00,,,,,,,,,,,,,,,,,,300.00,,300.00,,10400.00,,10400.00,,10262.50,,10262.50,,3150.00,,3150.00,,,794.00,-794.00,,,0.00,0.00,,,24.00,-24.00,,,12.00,-12.00,,,0.00,0.00,,,0.00,0.00,,,0.00,0.00,,,0.00,0.00,,,146.00,-146.00,,,5077.00,-5077.00,,,5009.00,-5009.00,,,1538.00,-1538.00,,25812.50,12600.00,13212.50,204.86 %
41521 Elves do the Shopping,,,,,,,,,,,,,,,,,,,,,,,,,,,,,,,,,,,,,750.00,,750.00,,5200.00,,5200.00,,650.00,,650.00,,1325.00,0.00,1325.00,,25.00,0.00,25.00,,,0.00,0.00,,,0.00,0.00,,,0.00,0.00,,,0.00,0.00,,,0.00,0.00,,,0.00,0.00,,,0.00,0.00,,,284.00,-284.00,,,1970.00,-1970.00,,,246.00,-246.00,,7950.00,2500.00,5450.00,318.00 %
41530 Just Like You Contributions,100.00,,100.00,,100.00,,100.00,,1500.00,,1500.00,,710.00,,710.00,,925.00,,925.00,,100.00,,100.00,,,,,,,,,,100.00,,100.00,,,,,,,,,,,,,,,99.00,-99.00,,,99.00,-99.00,,,1485.00,-1485.00,,,703.00,-703.00,,,916.00,-916.00,,,99.00,-99.00,,,0.00,0.00,,,0.00,0.00,,,99.00,-99.00,,,0.00,0.00,,,0.00,0.00,,,0.00,0.00,,3535.00,3500.00,35.00,101.00 %
41540 Life Box Contributions,40.00,,40.00,,65.00,,65.00,,315.00,,315.00,,145.00,,145.00,,65.00,,65.00,,540.00,,540.00,,,,,,,,,,52.50,,52.50,,52.50,,52.50,,52.50,,52.50,,2558.00,,2558.00,,1058.00,16.00,1042.00,"6,612.50 %",25.00,2525.00,-2500.00,0.99 %,,122.00,-122.00,,,56.00,-56.00,,,25.00,-25.00,,,208.00,-208.00,,,0.00,0.00,,,0.00,0.00,,,20.00,-20.00,,,20.00,-20.00,,,20.00,-20.00,,,988.00,-988.00,,4968.50,4000.00,968.50,124.21 %
41545 Shoes of Hope Contributions,300.00,,300.00,,350.00,,350.00,,150.00,,150.00,,-350.00,,-350.00,,354.00,,354.00,,15150.00,,15150.00,,1656.00,,1656.00,,,,,,,,,,100.00,,100.00,,,,,,100.00,,100.00,,,0.00,0.00,,,34.00,-34.00,,,17.00,-17.00,,,0.00,0.00,,,40.00,-40.00,,,1701.00,-1701.00,,,12686.00,-12686.00,,,0.00,0.00,,,0.00,0.00,,,11.00,-11.00,,,0.00,0.00,,,11.00,-11.00,,17810.00,14500.00,3310.00,122.83 %
41568 Expansion Fund,,,,,,,,,,,,,,,,,,,,,,,,,,,,,,,,,500.00,,500.00,,,,,,,,,,,,,,,0.00,0.00,,,0.00,0.00,,,0.00,0.00,,,0.00,0.00,,,0.00,0.00,,,0.00,0.00,,,4000.00,-4000.00,,,4000.00,-4000.00,,,4000.00,-4000.00,,,4000.00,-4000.00,,,4000.00,-4000.00,,,4000.00,-4000.00,,500.00,24000.00,-23500.00,2.08 %
Total 415 Restricted Contributions,6345.00,0.00,6345.00,0.00,4070.00,0.00,4070.00,0.00,104225.00,0.00,104225.00,0.00,8154.39,0.00,8154.39,0.00,30034.07,0.00,30034.07,0.00,20715.00,0.00,20715.00,0.00,4914.87,0.00,4914.87,0.00,18242.05,0.00,18242.05,0.00,15870.34,0.00,15870.34,0.00,15274.21,0.00,15274.21,0.00,73634.02,0.00,73634.02,0.00,58665.90,0.00,58665.90,0.00,6206.15,4171.00,2035.15,148.79 %,1200.00,5449.00,-4249.00,22.02 %,0.00,5072.00,-5072.00,0.00,0.00,6658.00,-6658.00,0.00,0.00,21865.00,-21865.00,0.00,0.00,6401.00,-6401.00,0.00,0.00,20924.00,-20924.00,0.00,0.00,16704.00,-16704.00,0.00,0.00,8226.00,-8226.00,0.00,0.00,12751.00,-12751.00,0.00,0.00,18490.00,-18490.00,0.00,0.00,29039.00,-29039.00,0.00,367551.00,155750.00,211801.00,235.99 %
Total 410 Contributions,69355.94,0.00,69355.94,0.00,26490.76,0.00,26490.76,0.00,139589.05,0.00,139589.05,0.00,66749.34,0.00,66749.34,0.00,72308.96,0.00,72308.96,0.00,44387.77,0.00,44387.77,0.00,41915.75,0.00,41915.75,0.00,64252.76,0.00,64252.76,0.00,46534.48,0.00,46534.48,0.00,40377.87,0.00,40377.87,0.00,98969.84,0.00,98969.84,0.00,459415.88,0.00,459415.88,0.00,53105.07,48534.00,4571.07,109.42 %,15798.48,41858.00,-26059.52,37.74 %,0.00,42517.88,-42517.88,0.00,0.00,51858.00,-51858.00,0.00,0.00,71436.00,-71436.00,0.00,0.00,47333.00,-47333.00,0.00,0.00,61077.00,-61077.00,0.00,0.00,60251.00,-60251.00,0.00,0.00,50607.00,-50607.00,0.00,0.00,58357.00,-58357.00,0.00,0.00,192645.00,-192645.00,0.00,0.00,154730.00,-154730.00,0.00,1239251.95,881203.88,358048.07,140.63 %
420 Fundraiser Income,,,,,,,,,,,,,,,,,,,,,,,,,,,,,,,,,,,,,,,,,,,,,,,,,,,,,,,,,,,,,,,,,,,,,,,,,,,,,,,,,,,,,,,,,,,,,,,,,0.00,0.00,0.00,0.00%
42015 Golf Tournament,,,,,,,,,7500.00,,7500.00,,,,,,5825.00,,5825.00,,28831.24,,28831.24,,,,,,,,,,,,,,,,,,,,,,,,,,,0.00,0.00,,,0.00,0.00,,,0.00,0.00,,,0.00,0.00,,,29000.00,-29000.00,,,0.00,0.00,,,0.00,0.00,,,0.00,0.00,,,0.00,0.00,,,0.00,0.00,,,0.00,0.00,,,0.00,0.00,,42156.24,29000.00,13156.24,145.37 %
42026 Stand Up Wheel Chair,,,,,,,,,50.00,,50.00,,1690.00,,1690.00,,2130.00,,2130.00,,,,,,-3870.00,,-3870.00,,,,,,,,,,,,,,,,,,,,,,,,,,,,,,,,,,,,,,,,,,,,,,,,,,,,,,,,,,,,,,,,,,,,,,0.00,0.00,0.00,0.00%
42060 Vision Night,10000.00,,10000.00,,,,,,7125.00,,7125.00,,13560.00,,13560.00,,13800.00,,13800.00,,20.00,,20.00,,,,,,,,,,,,,,20000.00,,20000.00,,,,,,,,,,,0.00,0.00,,,0.00,0.00,,,25040.00,-25040.00,,,19805.00,-19805.00,,,20155.00,-20155.00,,,0.00,0.00,,,0.00,0.00,,,0.00,0.00,,,0.00,0.00,,,0.00,0.00,,,0.00,0.00,,,0.00,0.00,,64505.00,65000.00,-495.00,99.24 %
42065 Vision Night Ticket Revenue,,,,,,,,,,,,,,,,,,,,,,,,,,,,,,,,,,,,,,,,,,,,,,,,,,,,,600.00,,600.00,,,,,,,,,,,,,,,,,,,,,,,,,,,,,,,,,,,,,,,,,,600.00,0.00,600.00,0.00%
Total 420 Fundraiser Income,10000.00,0.00,10000.00,0.00,0.00,0.00,0.00,0.00,14675.00,0.00,14675.00,0.00,15250.00,0.00,15250.00,0.00,21755.00,0.00,21755.00,0.00,28851.24,0.00,28851.24,0.00,-3870.00,0.00,-3870.00,0.00,0.00,0.00,0.00,0.00,0.00,0.00,0.00,0.00,20000.00,0.00,20000.00,0.00,0.00,0.00,0.00,0.00,0.00,0.00,0.00,0.00,0.00,0.00,0.00,0.00,600.00,0.00,600.00,0.00,0.00,25040.00,-25040.00,0.00,0.00,19805.00,-19805.00,0.00,0.00,49155.00,-49155.00,0.00,0.00,0.00,0.00,0.00,0.00,0.00,0.00,0.00,0.00,0.00,0.00,0.00,0.00,0.00,0.00,0.00,0.00,0.00,0.00,0.00,0.00,0.00,0.00,0.00,0.00,0.00,0.00,0.00,107261.24,94000.00,13261.24,114.11 %
430 Grants,,,,,,,,,,,,,,,,,,,,,,,,,,,,,,,,,,,,,,,,,,,,,,,,,,,,,,,,,,,,,,,,,,,,,,,,,,,,,,,,,,,,,,,,,,,,,,,,,0.00,0.00,0.00,0.00%
43010 Unrestricted Grants,,,,,,,,,,,,,,,,,,,,,,,,,,,,,,,,,,,,,,,,,,,,,,,,,,0.00,0.00,,,0.00,0.00,,,0.00,0.00,,,0.00,0.00,,,0.00,0.00,,,0.00,0.00,,,0.00,0.00,,,0.00,0.00,,,0.00,0.00,,,200000.00,-200000.00,,,5000.00,-5000.00,,,0.00,0.00,,0.00,205000.00,-205000.00,0.00%
43050 Bags of Hope Grant,,,,,,,,,1000.00,,1000.00,,20000.00,,20000.00,,,,,,,,,,2400.00,,2400.00,,7500.00,,7500.00,,,,,,,,,,,,,,20000.00,,20000.00,,,0.00,0.00,,,0.00,0.00,,,0.00,0.00,,,1000.00,-1000.00,,,0.00,0.00,,,0.00,0.00,,,17500.00,-17500.00,,,5000.00,-5000.00,,,0.00,0.00,,,0.00,0.00,,,10000.00,-10000.00,,,26500.00,-26500.00,,50900.00,60000.00,-9100.00,84.83 %
43060 Bridgecamp Grant,,,,,,,,,,,,,75000.00,,75000.00,,,,,,,,,,,,,,,,,,,,,,,,,,,,,,,,,,,0.00,0.00,,,0.00,0.00,,,0.00,0.00,,,120000.00,-120000.00,,,0.00,0.00,,,0.00,0.00,,,0.00,0.00,,,0.00,0.00,,,0.00,0.00,,,0.00,0.00,,,0.00,0.00,,,0.00,0.00,,75000.00,120000.00,-45000.00,62.50 %
43065 Headquarter Building Grant,,,,,,,,,150000.00,,150000.00,,,,,,50000.00,,50000.00,,,,,,,,,,,,,,,,,,225000.00,,225000.00,,,,,,,,,,,,,,,,,,,,,,,,,,,,,,,,,,,,,,,,,,,,,,,,,,,,,,,,,,425000.00,0.00,425000.00,0.00%
43067 Christmas Grant,,,,,,,,,,,,,,,,,,,,,,,,,,,,,,,,,,,,,,,,,,,,,4000.00,,4000.00,,,0.00,0.00,,,0.00,0.00,,,0.00,0.00,,,0.00,0.00,,,0.00,0.00,,,0.00,0.00,,,0.00,0.00,,,0.00,0.00,,,0.00,0.00,,,0.00,0.00,,,14000.00,-14000.00,,,0.00,0.00,,4000.00,14000.00,-10000.00,28.57 %
43072 Leadership Development Grant,,,,,,,,,,,,,10000.00,,10000.00,,,,,,,,,,,,,,,,,,,,,,,,,,,,,,,,,,,,,,,,,,,,,,,,,,,,,,,,,,,,,,,,,,,,,,,,,,,,,,,,,,10000.00,0.00,10000.00,0.00%
Total 430 Grants,0.00,0.00,0.00,0.00,0.00,0.00,0.00,0.00,151000.00,0.00,151000.00,0.00,105000.00,0.00,105000.00,0.00,50000.00,0.00,50000.00,0.00,0.00,0.00,0.00,0.00,2400.00,0.00,2400.00,0.00,7500.00,0.00,7500.00,0.00,0.00,0.00,0.00,0.00,225000.00,0.00,225000.00,0.00,0.00,0.00,0.00,0.00,24000.00,0.00,24000.00,0.00,0.00,0.00,0.00,0.00,0.00,0.00,0.00,0.00,0.00,0.00,0.00,0.00,0.00,121000.00,-121000.00,0.00,0.00,0.00,0.00,0.00,0.00,0.00,0.00,0.00,0.00,17500.00,-17500.00,0.00,0.00,5000.00,-5000.00,0.00,0.00,0.00,0.00,0.00,0.00,200000.00,-200000.00,0.00,0.00,29000.00,-29000.00,0.00,0.00,26500.00,-26500.00,0.00,564900.00,399000.00,165900.00,141.58 %
490 Other Income,,,,,,,,,,,,,,,,,,,,,,,,,,,,,,,,,,,,,,,,,746.10,,746.10,,,,,,,,,,,,,,,,,,,,,,,,,,,,,,,,,,,,,,,,,,,,,,,,,,,,,,746.10,0.00,746.10,0.00%
49000 Interest Income,341.45,,341.45,,,,,,,,,,2.14,,2.14,,3168.45,,3168.45,,278.95,,278.95,,41.16,,41.16,,1270.00,,1270.00,,22.66,,22.66,,45.84,,45.84,,31.92,,31.92,,64.32,,64.32,,82.30,457.00,-374.70,18.01 %,,457.00,-457.00,,,451.03,-451.03,,,457.00,-457.00,,,457.00,-457.00,,,457.00,-457.00,,,457.00,-457.00,,,457.00,-457.00,,,457.00,-457.00,,,457.00,-457.00,,,457.00,-457.00,,,457.00,-457.00,,5349.19,5478.03,-128.84,97.65 %
49010 Hurricane Helene,2200.00,,2200.00,,25.00,,25.00,,-2325.00,,-2325.00,,25.00,,25.00,,25.00,,25.00,,25.00,,25.00,,25.00,,25.00,,,,,,,,,,,,,,,,,,,,,,,,,,,,,,,,,,,,,,,,,,,,,,,,,,,,,,,,,,,,,,,,,,,,,,0.00,0.00,0.00,0.00%
49015 Merchandise Sales,,,,,,,,,,,,,,,,,25.00,,25.00,,,,,,240.33,,240.33,,38.54,,38.54,,164.49,,164.49,,,,,,,,,,167.88,,167.88,,33.94,,33.94,,20.00,,20.00,,,,,,,,,,,,,,,,,,,,,,,,,,,,,,,,,,,,,,,,,,690.18,0.00,690.18,0.00%
49025 Unrealized Gain/Loss,,,,,,,,,,,,,,,,,,,,,,,,,,,,,,,,,,,,,,,,,,,,,-2142.83,,-2142.83,,,,,,,,,,,,,,,,,,,,,,,,,,,,,,,,,,,,,,,,,,,,,,,,,,-2142.83,0.00,-2142.83,0.00%
49080 Symposium,,,,,,,,,,,,,,,,,140.00,,140.00,,120.00,,120.00,,,,,,,,,,,,,,,,,,,,,,,,,,,,,,,,,,,,,,,,,,,,,,,,,,,,,,,,,,,,,,,,,,,,,,,,,,260.00,0.00,260.00,0.00%
Total 490 Other Income,2541.45,0.00,2541.45,0.00,25.00,0.00,25.00,0.00,-2325.00,0.00,-2325.00,0.00,27.14,0.00,27.14,0.00,3358.45,0.00,3358.45,0.00,423.95,0.00,423.95,0.00,306.49,0.00,306.49,0.00,1308.54,0.00,1308.54,0.00,187.15,0.00,187.15,0.00,45.84,0.00,45.84,0.00,778.02,0.00,778.02,0.00,-1910.63,0.00,-1910.63,0.00,116.24,457.00,-340.76,25.44 %,20.00,457.00,-437.00,4.38 %,0.00,451.03,-451.03,0.00,0.00,457.00,-457.00,0.00,0.00,457.00,-457.00,0.00,0.00,457.00,-457.00,0.00,0.00,457.00,-457.00,0.00,0.00,457.00,-457.00,0.00,0.00,457.00,-457.00,0.00,0.00,457.00,-457.00,0.00,0.00,457.00,-457.00,0.00,0.00,457.00,-457.00,0.00,4902.64,5478.03,-575.39,89.50 %
Unapplied Cash Payment Income,,,,,,,,,,,,,,,,,,,,,,,,,,,,,,,,,,,,,-70.07,,-70.07,,-142.69,,-142.69,,88.55,,88.55,,124.21,,124.21,,,,,,,,,,,,,,,,,,,,,,,,,,,,,,,,,,,,,,,,,,,,,,0.00,0.00,0.00,0.00%
Total Revenue,90109.99,0.00,90109.99,0.00%,31487.30,0.00,31487.30,0.00%,311949.41,0.00,311949.41,0.00%,193837.44,0.00,193837.44,0.00%,167809.41,0.00,167809.41,0.00%,78878.96,0.00,78878.96,0.00%,49255.74,0.00,49255.74,0.00%,113724.05,0.00,113724.05,0.00%,69254.12,0.00,69254.12,0.00%,289343.64,0.00,289343.64,0.00%,99605.17,0.00,99605.17,0.00%,534162.05,0.00,534162.05,0.00%,61624.52,51130.51,10494.01,120.52 %,16418.48,44571.24,-28152.76,36.84 %,0.00,70998.10,-70998.10,0.00%,0.00,195887.01,-195887.01,0.00%,0.00,127063.44,-127063.44,0.00%,0.00,50625.41,-50625.41,0.00%,0.00,91098.14,-91098.14,0.00%,0.00,81041.84,-81041.84,0.00%,0.00,53833.50,-53833.50,0.00%,0.00,259571.90,-259571.90,0.00%,0.00,222102.00,-222102.00,0.00%,0.00,204358.82,-204358.82,0.00%,2107460.28,1452281.91,655178.37,145.11 %
Gross Profit,90109.99,0.00,90109.99,0.00%,31487.30,0.00,31487.30,0.00%,311949.41,0.00,311949.41,0.00%,193837.44,0.00,193837.44,0.00%,167809.41,0.00,167809.41,0.00%,78878.96,0.00,78878.96,0.00%,49255.74,0.00,49255.74,0.00%,113724.05,0.00,113724.05,0.00%,69254.12,0.00,69254.12,0.00%,289343.64,0.00,289343.64,0.00%,99605.17,0.00,99605.17,0.00%,534162.05,0.00,534162.05,0.00%,61624.52,51130.51,10494.01,120.52 %,16418.48,44571.24,-28152.76,36.84 %,0.00,70998.10,-70998.10,0.00 %,0.00,195887.01,-195887.01,0.00 %,0.00,127063.44,-127063.44,0.00 %,0.00,50625.41,-50625.41,0.00 %,0.00,91098.14,-91098.14,0.00 %,0.00,81041.84,-81041.84,0.00 %,0.00,53833.50,-53833.50,0.00 %,0.00,259571.90,-259571.90,0.00 %,0.00,222102.00,-222102.00,0.00 %,0.00,204358.82,-204358.82,0.00 %,2107460.28,1452281.91,655178.37,145.11 %
Expenditures,,,,,,,,,,,,,,,,,,,,,,,,,,,,,,,,,,,,,,,,,,,,,,,,,,,,,,,,,,,,,,,,,,,,,,,,,,,,,,,,,,,,,,,,,,,,,,,,,,,,
600 Personnel Expenses,,,,,,,,,,,,,,,,,,,,,,,,,,,,,,,,,,,,,,,,,,,,,,,,,,,,,,,,,,,,,,,,,,,,,,,,,,,,,,,,,,,,,,,,,,,,,,,,,0.00,0.00,0.00,0.00%
60000 Salaries & Wages,32724.82,,32724.82,,33145.45,,33145.45,,28087.70,,28087.70,,28188.23,,28188.23,,50187.23,,50187.23,,30212.40,,30212.40,,28721.72,,28721.72,,30481.82,,30481.82,,29129.89,,29129.89,,61899.81,,61899.81,,41277.73,,41277.73,,29103.71,,29103.71,,25714.52,39115.27,-13400.75,65.74 %,13883.23,39115.27,-25232.04,35.49 %,,39115.27,-39115.27,,,39115.27,-39115.27,,,39115.27,-39115.27,,,39115.27,-39115.27,,,39115.27,-39115.27,,,39115.27,-39115.27,,,39115.27,-39115.27,,,39115.27,-39115.27,,,39115.27,-39115.27,,,39115.27,-39115.27,,462758.26,469383.24,-6624.98,98.59 %
60005 Payroll Taxes,2503.43,,2503.43,,4121.19,,4121.19,,8428.67,,8428.67,,8551.54,,8551.54,,3839.28,,3839.28,,5335.58,,5335.58,,8433.00,,8433.00,,8855.19,,8855.19,,8533.33,,8533.33,,8702.43,,8702.43,,6369.90,,6369.90,,8657.13,,8657.13,,7633.64,5984.64,1649.00,127.55 %,4269.99,5984.64,-1714.65,71.35 %,,5984.64,-5984.64,,,5984.64,-5984.64,,,5984.64,-5984.64,,,5984.64,-5984.64,,,5984.64,-5984.64,,,5984.64,-5984.64,,,5984.64,-5984.64,,,5984.64,-5984.64,,,5984.64,-5984.64,,,5984.64,-5984.64,,94234.30,71815.68,22418.62,131.22 %
60015 Employee Benefits,19.99,,19.99,,16.00,,16.00,,688.00,,688.00,,60.93,,60.93,,16.00,,16.00,,391.52,,391.52,,177.37,,177.37,,175.00,,175.00,,87.50,,87.50,,,,,,175.00,,175.00,,714.85,,714.85,,,,,,,,,,,,,,,,,,,,,,,,,,,,,,,,,,,,,,,,,,,,,,,,,,2522.16,0.00,2522.16,0.00%
60020 Employee Reimbursements,73.26,,73.26,,38.31,,38.31,,-37.43,,-37.43,,,,,,1.01,,1.01,,,,,,,,,,45.48,,45.48,,-45.48,,-45.48,,,,,,,,,,,,,,,,,,,,,,,,,,,,,,,,,,,,,,,,,,,,,,,,,,,,,,,,,,,,,,75.15,0.00,75.15,0.00%
60032 Health and Wellness,240.00,,240.00,,120.00,,120.00,,550.00,,550.00,,412.57,,412.57,,,,,,600.00,,600.00,,73.22,,73.22,,1960.00,,1960.00,,600.00,,600.00,,240.00,,240.00,,1080.00,,1080.00,,360.00,,360.00,,120.00,498.80,-378.80,24.06 %,360.00,249.40,110.60,144.35 %,,1143.07,-1143.07,,,857.45,-857.45,,,0.00,0.00,,,1247.00,-1247.00,,,152.17,-152.17,,,4073.52,-4073.52,,,1247.00,-1247.00,,,498.80,-498.80,,,2244.59,-2244.59,,,748.20,-748.20,,6715.79,12960.00,-6244.21,51.82 %
60038 Team Building / Birthdays / Celebrations,273.68,,273.68,,175.58,,175.58,,431.06,,431.06,,199.68,,199.68,,141.79,,141.79,,246.85,,246.85,,,,,,261.63,,261.63,,26.17,,26.17,,,,,,59.71,,59.71,,192.51,,192.51,,581.23,272.50,308.73,213.30 %,,174.82,-174.82,,,429.20,-429.20,,,198.82,-198.82,,,141.18,-141.18,,,245.79,-245.79,,,0.00,0.00,,,260.50,-260.50,,,26.06,-26.06,,,0.00,0.00,,,59.45,-59.45,,,191.68,-191.68,,2589.89,2000.00,589.89,129.49 %
60067 Staff Development,,,,,,,,,,,,,,,,,730.32,,730.32,,22.50,,22.50,,,,,,,,,,22.50,,22.50,,53.37,,53.37,,,,,,,,,,,0.00,0.00,,,0.00,0.00,,,0.00,0.00,,,0.00,0.00,,,881.30,-881.30,,,27.15,-27.15,,,0.00,0.00,,,0.00,0.00,,,27.15,-27.15,,,64.40,-64.40,,,0.00,0.00,,,0.00,0.00,,828.69,1000.00,-171.31,82.87 %
60068 Leadership Development,4713.17,,4713.17,,2739.32,,2739.32,,1545.00,,1545.00,,2956.49,,2956.49,,2276.12,,2276.12,,1545.00,,1545.00,,3197.24,,3197.24,,,,,,1555.71,,1555.71,,1545.00,,1545.00,,1608.48,,1608.48,,1619.86,,1619.86,,2147.81,2045.00,102.81,105.03 %,1545.00,1545.00,0.00,100.00 %,,1545.00,-1545.00,,,1545.00,-1545.00,,,1545.00,-1545.00,,,1545.00,-1545.00,,,1545.00,-1545.00,,,1545.00,-1545.00,,,1745.00,-1745.00,,,1545.00,-1545.00,,,1545.00,-1545.00,,,1545.00,-1545.00,,28994.20,19240.00,9754.20,150.70 %
Total 600 Personnel Expenses,40548.35,0.00,40548.35,0.00,40355.85,0.00,40355.85,0.00,39693.00,0.00,39693.00,0.00,40369.44,0.00,40369.44,0.00,57191.75,0.00,57191.75,0.00,38353.85,0.00,38353.85,0.00,40602.55,0.00,40602.55,0.00,41779.12,0.00,41779.12,0.00,39909.62,0.00,39909.62,0.00,72440.61,0.00,72440.61,0.00,50570.82,0.00,50570.82,0.00,40648.06,0.00,40648.06,0.00,36197.20,47916.21,-11719.01,75.54 %,20058.22,47069.13,-27010.91,42.61 %,0.00,48217.18,-48217.18,0.00,0.00,47701.18,-47701.18,0.00,0.00,47667.39,-47667.39,0.00,0.00,48164.85,-48164.85,0.00,0.00,46797.08,-46797.08,0.00,0.00,50978.93,-50978.93,0.00,0.00,48145.12,-48145.12,0.00,0.00,47208.11,-47208.11,0.00,0.00,48948.95,-48948.95,0.00,0.00,47584.79,-47584.79,0.00,598718.44,576398.92,22319.52,103.87 %
610 Professional Fees,,,,,,,,,,,,,,,,,,,,,,,,,,,,,,,,,,,,,,,,,,,,,,,,,,,,,,,,,,,,,,,,,,,,,,,,,,,,,,,,,,,,,,,,,,,,,,,,,0.00,0.00,0.00,0.00%
61000 Advertising and Promotion,,,,,,,,,,,,,,,,,,,,,,,,,,,,,,,,,,,,,,,,,,,,,,,,,,,,,,,,,,,,,,,,,,,,,,,,,,,,,,,,,,,,,,,,,,,,,,,,,0.00,0.00,0.00,0.00%
61001 Software,44.98,,44.98,,54.98,,54.98,,89.96,,89.96,,84.97,,84.97,,49.97,,49.97,,44.99,,44.99,,64.99,,64.99,,74.98,,74.98,,74.97,,74.97,,28.99,,28.99,,66.97,,66.97,,89.97,,89.97,,129.96,83.37,46.59,155.88 %,,83.33,-83.33,,,83.33,-83.33,,,83.33,-83.33,,,83.33,-83.33,,,83.33,-83.33,,,83.33,-83.33,,,83.33,-83.33,,,83.33,-83.33,,,83.33,-83.33,,,83.33,-83.33,,,83.33,-83.33,,900.68,1000.00,-99.32,90.07 %
61002 Podcast,,,,,,,,,,,,,,,,,,,,,,,,,,,,,,,,,,,,,,,,,0.00,,0.00,,,,,,,,,,,,,,,,,,,,,,,,,,,,,,,,,,,,,,,,,,,,,,,,,,,,,,0.00,0.00,0.00,0.00%
61003 Promotional Items,535.00,,535.00,,990.00,,990.00,,,,,,,,,,,,,,,,,,,,,,,,,,,,,,,,,,,,,,,,,,,0.00,0.00,,,0.00,0.00,,,1000.00,-1000.00,,,1000.00,-1000.00,,,1000.00,-1000.00,,,0.00,0.00,,,0.00,0.00,,,0.00,0.00,,,0.00,0.00,,,0.00,0.00,,,0.00,0.00,,,0.00,0.00,,1525.00,3000.00,-1475.00,50.83 %
61004 Merchandise,,,,,859.00,,859.00,,,,,,,,,,,,,,,,,,,,,,,,,,417.07,,417.07,,,,,,,,,,,,,,,0.00,0.00,,,1000.00,-1000.00,,,1500.00,-1500.00,,,0.00,0.00,,,0.00,0.00,,,0.00,0.00,,,0.00,0.00,,,0.00,0.00,,,1000.00,-1000.00,,,0.00,0.00,,,0.00,0.00,,,0.00,0.00,,1276.07,3500.00,-2223.93,36.46 %
61005 Branding / Videos,,,,,,,,,5187.50,,5187.50,,2812.20,,2812.20,,,,,,,,,,2625.00,,2625.00,,,,,,,,,,,,,,-875.00,,-875.00,,,,,,,,,,,,,,,,,,,,,,,,,,,,,,,,,,,,,,,,,,,,,,,,,,,,,,9749.70,0.00,9749.70,0.00%
61006 Volunteer T-Shirts,,,,,,,,,38.38,,38.38,,,,,,,,,,,,,,,,,,,,,,,,,,,,,,,,,,,,,,,0.00,0.00,,,500.00,-500.00,,,0.00,0.00,,,0.00,0.00,,,0.00,0.00,,,0.00,0.00,,,0.00,0.00,,,0.00,0.00,,,0.00,0.00,,,0.00,0.00,,,0.00,0.00,,,0.00,0.00,,38.38,500.00,-461.62,7.68 %
61007 Other / General,5.06,,5.06,,,,,,379.35,,379.35,,,,,,,,,,,,,,29.98,,29.98,,,,,,,,,,46.98,,46.98,,,,,,,,,,,291.63,-291.63,,,291.67,-291.67,,,291.67,-291.67,,,291.67,-291.67,,,291.67,-291.67,,,291.67,-291.67,,,291.67,-291.67,,,291.67,-291.67,,,291.67,-291.67,,,291.67,-291.67,,,291.67,-291.67,,,291.67,-291.67,,461.37,3500.00,-3038.63,13.18 %
61008 Website,,,,,,,,,,,,,,,,,,,,,,,,,,,,,,,,,,,,,,,,,,,,,,,,,,500.00,-500.00,,,500.00,-500.00,,,5500.00,-5500.00,,,500.00,-500.00,,,500.00,-500.00,,,500.00,-500.00,,,500.00,-500.00,,,500.00,-500.00,,,500.00,-500.00,,,500.00,-500.00,,,500.00,-500.00,,,500.00,-500.00,,0.00,11000.00,-11000.00,0.00%
Total 61000 Advertising and Promotion,585.04,0.00,585.04,0.00,1903.98,0.00,1903.98,0.00,5695.19,0.00,5695.19,0.00,2897.17,0.00,2897.17,0.00,49.97,0.00,49.97,0.00,44.99,0.00,44.99,0.00,2719.97,0.00,2719.97,0.00,74.98,0.00,74.98,0.00,492.04,0.00,492.04,0.00,75.97,0.00,75.97,0.00,-808.03,0.00,-808.03,0.00,89.97,0.00,89.97,0.00,129.96,875.00,-745.04,14.85 %,0.00,2375.00,-2375.00,0.00,0.00,8375.00,-8375.00,0.00,0.00,1875.00,-1875.00,0.00,0.00,1875.00,-1875.00,0.00,0.00,875.00,-875.00,0.00,0.00,875.00,-875.00,0.00,0.00,875.00,-875.00,0.00,0.00,1875.00,-1875.00,0.00,0.00,875.00,-875.00,0.00,0.00,875.00,-875.00,0.00,0.00,875.00,-875.00,0.00,13951.20,22500.00,-8548.80,62.01 %
61010 Donation Processing Fees,517.61,,517.61,,75.00,,75.00,,267.81,,267.81,,534.19,,534.19,,222.60,,222.60,,161.72,,161.72,,191.62,,191.62,,210.47,,210.47,,207.65,,207.65,,139.90,,139.90,,248.32,,248.32,,1648.52,,1648.52,,170.71,291.63,-120.92,58.54 %,181.26,291.67,-110.41,62.15 %,,291.67,-291.67,,,291.67,-291.67,,,291.67,-291.67,,,291.67,-291.67,,,291.67,-291.67,,,291.67,-291.67,,,291.67,-291.67,,,291.67,-291.67,,,291.67,-291.67,,,291.67,-291.67,,4777.38,3500.00,1277.38,136.50 %
61015 Accounting Fees,,,,,,,,,,,,,910.00,,910.00,,,,,,,,,,,,,,,,,,,,,,,,,,,,,,,,,,112.43,0.00,112.43,,,0.00,0.00,,,0.00,0.00,,,1500.00,-1500.00,,,0.00,0.00,,,0.00,0.00,,,0.00,0.00,,,1500.00,-1500.00,,,0.00,0.00,,,0.00,0.00,,,0.00,0.00,,,0.00,0.00,,1022.43,3000.00,-1977.57,34.08 %
61020 Legal Services,,,,,,,,,,,,,,,,,,,,,,,,,150.00,,150.00,,2327.36,,2327.36,,,,,,,,,,,,,,,,,,,0.00,0.00,,,0.00,0.00,,,500.00,-500.00,,,500.00,-500.00,,,500.00,-500.00,,,0.00,0.00,,,0.00,0.00,,,0.00,0.00,,,0.00,0.00,,,0.00,0.00,,,0.00,0.00,,,0.00,0.00,,2477.36,1500.00,977.36,165.16 %
61040 Background Checks,,,,,17.00,,17.00,,-1014.00,,-1014.00,,,,,,34.00,,34.00,,406.50,,406.50,,1124.50,,1124.50,,344.50,,344.50,,,,,,,,,,2072.00,,2072.00,,,,,,1865.00,0.00,1865.00,,,0.00,0.00,,,0.00,0.00,,,0.00,0.00,,,0.00,0.00,,,0.00,0.00,,,350.00,-350.00,,,150.00,-150.00,,,0.00,0.00,,,250.00,-250.00,,,1500.00,-1500.00,,,750.00,-750.00,,4849.50,3000.00,1849.50,161.65 %
61045 Technology Support Fees,104.50,,104.50,,104.50,,104.50,,162.25,,162.25,,84.50,,84.50,,99.50,,99.50,,936.00,,936.00,,854.92,,854.92,,1322.50,,1322.50,,1799.70,,1799.70,,4335.46,,4335.46,,3604.00,,3604.00,,6028.50,,6028.50,,3530.00,3560.00,-30.00,99.16 %,30.00,3560.00,-3530.00,0.84 %,,1260.00,-1260.00,,,1260.00,-1260.00,,,1260.00,-1260.00,,,1260.00,-1260.00,,,1260.00,-1260.00,,,1260.00,-1260.00,,,1260.00,-1260.00,,,1260.00,-1260.00,,,1060.00,-1060.00,,,1060.00,-1060.00,,22996.33,19320.00,3676.33,119.03 %
61050 Contract Labor,,,,,,,,,,,,,,,,,,,,,428.99,,428.99,,374.99,,374.99,,1428.89,,1428.89,,690.58,,690.58,,832.19,,832.19,,666.25,,666.25,,574.17,,574.17,,2500.00,2500.00,0.00,100.00 %,,2850.00,-2850.00,,,2850.00,-2850.00,,,2850.00,-2850.00,,,2850.00,-2850.00,,,2850.00,-2850.00,,,2750.00,-2750.00,,,2840.00,-2840.00,,,2500.00,-2500.00,,,2500.00,-2500.00,,,2500.00,-2500.00,,,2500.00,-2500.00,,7496.06,32340.00,-24843.94,23.18 %
61055 Payroll Service Fees,284.80,,284.80,,236.00,,236.00,,236.00,,236.00,,236.00,,236.00,,236.00,,236.00,,520.00,,520.00,,,,,,612.00,,612.00,,,,,,544.00,,544.00,,,,,,578.00,,578.00,,,291.63,-291.63,,236.00,291.67,-55.67,80.91 %,,291.67,-291.67,,,291.67,-291.67,,,291.67,-291.67,,,291.67,-291.67,,,291.67,-291.67,,,291.67,-291.67,,,291.67,-291.67,,,291.67,-291.67,,,291.67,-291.67,,,291.67,-291.67,,3718.80,3500.00,218.80,106.25 %
61080 Strategic Consulting,7700.00,,7700.00,,,,,,,,,,4000.00,,4000.00,,,,,,,,,,,,,,,,,,,,,,,,,,,,,,,,,,15000.00,15000.00,0.00,100.00 %,,0.00,0.00,,,0.00,0.00,,,0.00,0.00,,,0.00,0.00,,,0.00,0.00,,,0.00,0.00,,,0.00,0.00,,,0.00,0.00,,,0.00,0.00,,,0.00,0.00,,,0.00,0.00,,26700.00,15000.00,11700.00,178.00 %
Total 610 Professional Fees,9191.95,0.00,9191.95,0.00,2336.48,0.00,2336.48,0.00,5347.25,0.00,5347.25,0.00,8661.86,0.00,8661.86,0.00,642.07,0.00,642.07,0.00,2498.20,0.00,2498.20,0.00,5416.00,0.00,5416.00,0.00,6320.70,0.00,6320.70,0.00,3189.97,0.00,3189.97,0.00,5927.52,0.00,5927.52,0.00,5782.54,0.00,5782.54,0.00,8919.16,0.00,8919.16,0.00,23308.10,22518.26,789.84,103.51 %,447.26,9368.34,-8921.08,4.77 %,0.00,13568.34,-13568.34,0.00,0.00,8568.34,-8568.34,0.00,0.00,7068.34,-7068.34,0.00,0.00,5568.34,-5568.34,0.00,0.00,5818.34,-5818.34,0.00,0.00,7208.34,-7208.34,0.00,0.00,6218.34,-6218.34,0.00,0.00,5468.34,-5468.34,0.00,0.00,6518.34,-6518.34,0.00,0.00,5768.34,-5768.34,0.00,87989.06,103660.00,-15670.94,84.88 %
620 Office Expenses,,,,,,,,,,,,,,,,,,,,,,,,,,,,,,,,,,,,,,,,,,,,,,,,,,,,,,,,,,,,,,,,,,,,,,,,,,,,,,,,,,,,,,,,,,,,,,,,,0.00,0.00,0.00,0.00%
62000 Office Supplies,777.06,,777.06,,81.80,,81.80,,233.78,,233.78,,357.89,,357.89,,308.48,,308.48,,603.55,,603.55,,1103.10,,1103.10,,119.47,,119.47,,203.90,,203.90,,253.76,,253.76,,469.43,,469.43,,108.87,,108.87,,214.76,840.76,-626.00,25.54 %,145.14,88.51,56.63,163.98 %,,252.95,-252.95,,,387.24,-387.24,,,333.77,-333.77,,,653.04,-653.04,,,1193.55,-1193.55,,,129.27,-129.27,,,144.89,-144.89,,,274.57,-274.57,,,583.65,-583.65,,,117.80,-117.80,,4980.99,5000.00,-19.01,99.62 %
62005 Postage and Delivery,158.40,,158.40,,100.00,,100.00,,,,,,192.00,,192.00,,100.00,,100.00,,60.21,,60.21,,124.69,,124.69,,15.72,,15.72,,6.02,,6.02,,61.25,,61.25,,50.00,,50.00,,60.00,,60.00,,183.25,164.42,18.83,111.45 %,,110.79,-110.79,,,0.00,0.00,,,212.73,-212.73,,,110.79,-110.79,,,66.71,-66.71,,,138.15,-138.15,,,0.00,0.00,,,6.67,-6.67,,,67.86,-67.86,,,55.40,-55.40,,,66.48,-66.48,,1111.54,1000.00,111.54,111.15 %
62010 Telephone and  Internet,964.75,,964.75,,773.79,,773.79,,1055.19,,1055.19,,725.92,,725.92,,-40.73,,-40.73,,919.98,,919.98,,982.57,,982.57,,819.63,,819.63,,734.29,,734.29,,1881.54,,1881.54,,-636.94,,-636.94,,169.94,,169.94,,798.56,855.00,-56.44,93.40 %,452.26,855.00,-402.74,52.90 %,,855.00,-855.00,,,855.00,-855.00,,,855.00,-855.00,,,855.00,-855.00,,,855.00,-855.00,,,855.00,-855.00,,,855.00,-855.00,,,855.00,-855.00,,,855.00,-855.00,,,855.00,-855.00,,9600.75,10260.00,-659.25,93.57 %
62020 Miscellaneous Supplies,,,,,,,,,,,,,,,,,,,,,,,,,,,,,,,,,,,,,24.95,,24.95,,,,,,,,,,,,,,,,,,,,,,,,,,,,,,,,,,,,,,,,,,,,,,,,,,,,,,,,,,24.95,0.00,24.95,0.00%
62025 Printing and Reproduction,133.32,,133.32,,132.35,,132.35,,129.99,,129.99,,319.32,,319.32,,115.73,,115.73,,125.24,,125.24,,,,,,246.02,,246.02,,373.73,,373.73,,110.03,,110.03,,192.02,,192.02,,200.37,,200.37,,123.92,166.63,-42.71,74.37 %,,166.67,-166.67,,,166.67,-166.67,,,166.67,-166.67,,,166.67,-166.67,,,166.67,-166.67,,,166.67,-166.67,,,166.67,-166.67,,,166.67,-166.67,,,166.67,-166.67,,,166.67,-166.67,,,166.67,-166.67,,2202.04,2000.00,202.04,110.10 %
Account Fraud,,,,,,,,,,,,,,,,,,,,,,,,,,,,,40075.00,,40075.00,,-40000.00,,-40000.00,,,,,,,,,,,,,,,,,,,,,,,,,,,,,,,,,,,,,,,,,,,,,,,,,,,,,,,,,,,,,,75.00,0.00,75.00,0.00%
Total 620 Office Expenses,2033.53,0.00,2033.53,0.00,1087.94,0.00,1087.94,0.00,1418.96,0.00,1418.96,0.00,1595.13,0.00,1595.13,0.00,483.48,0.00,483.48,0.00,1708.98,0.00,1708.98,0.00,2210.36,0.00,2210.36,0.00,41275.84,0.00,41275.84,0.00,-38682.06,0.00,-38682.06,0.00,2331.53,0.00,2331.53,0.00,74.51,0.00,74.51,0.00,539.18,0.00,539.18,0.00,1320.49,2026.81,-706.32,65.15 %,597.40,1220.97,-623.57,48.93 %,0.00,1274.62,-1274.62,0.00,0.00,1621.64,-1621.64,0.00,0.00,1466.23,-1466.23,0.00,0.00,1741.42,-1741.42,0.00,0.00,2353.37,-2353.37,0.00,0.00,1150.94,-1150.94,0.00,0.00,1173.23,-1173.23,0.00,0.00,1364.10,-1364.10,0.00,0.00,1660.72,-1660.72,0.00,0.00,1205.95,-1205.95,0.00,17995.27,18260.00,-264.73,98.55 %
630 Occupancy Expenses,,,,,,,,,,,,,,,,,,,,,,,,,,,,,,,,,,,,,,,,,,,,,,,,,,,,,,,,,,,,,,,,,,,,,,,,,,,,,,,,,,,,,,,,,,,,,,,,,0.00,0.00,0.00,0.00%
63000 Rent & Lease,233.50,,233.50,,,,,,233.50,,233.50,,233.50,,233.50,,467.00,,467.00,,,,,,233.50,,233.50,,233.50,,233.50,,233.50,,233.50,,233.50,,233.50,,233.50,,233.50,,235.09,,235.09,,235.09,233.50,1.59,100.68 %,235.09,233.50,1.59,100.68 %,235.09,233.50,1.59,100.68 %,,233.50,-233.50,,,233.50,-233.50,,,233.50,-233.50,,,233.50,-233.50,,,233.50,-233.50,,,233.50,-233.50,,,233.50,-233.50,,,233.50,-233.50,,,233.50,-233.50,,3275.36,2802.00,473.36,116.89 %
63010 Utilities,2075.35,,2075.35,,2095.46,,2095.46,,3147.77,,3147.77,,1800.49,,1800.49,,1321.60,,1321.60,,1156.68,,1156.68,,1079.72,,1079.72,,1510.80,,1510.80,,3963.32,,3963.32,,2590.81,,2590.81,,-9045.65,,-9045.65,,2332.23,,2332.23,,2005.72,2245.14,-239.42,89.34 %,2415.85,2450.16,-34.31,98.60 %,,1968.22,-1968.22,,,1803.97,-1803.97,,,1392.62,-1392.62,,,1153.31,-1153.31,,,2327.40,-2327.40,,,1846.63,-1846.63,,,4152.04,-4152.04,,,1730.18,-1730.18,,,3980.85,-3980.85,,,3949.48,-3949.48,,18450.15,29000.00,-10549.85,63.62 %
63015 Building Security,184.78,,184.78,,452.38,,452.38,,,,,,107.53,,107.53,,107.53,,107.53,,107.53,,107.53,,107.53,,107.53,,110.75,,110.75,,185.75,,185.75,,4709.61,,4709.61,,-4605.71,,-4605.71,,,,,,179.85,253.23,-73.38,71.02 %,,73.38,-73.38,,,73.38,-73.38,,,253.23,-253.23,,,73.38,-73.38,,,73.38,-73.38,,,253.23,-253.23,,,73.38,-73.38,,,73.38,-73.38,,,253.23,-253.23,,,73.38,-73.38,,,73.42,-73.42,,1647.53,1600.00,47.53,102.97 %
63020 Landscaping Expenses,75.00,,75.00,,,,,,150.00,,150.00,,225.00,,225.00,,675.00,,675.00,,1350.00,,1350.00,,300.00,,300.00,,900.00,,900.00,,675.00,,675.00,,450.00,,450.00,,-2100.00,,-2100.00,,150.00,,150.00,,150.00,150.00,0.00,100.00 %,300.00,150.00,150.00,200.00 %,,150.00,-150.00,,,150.00,-150.00,,,300.00,-300.00,,,450.00,-450.00,,,450.00,-450.00,,,450.00,-450.00,,,300.00,-300.00,,,150.00,-150.00,,,150.00,-150.00,,,150.00,-150.00,,3300.00,3000.00,300.00,110.00 %
63025 Building Repairs and Maintenance,60.00,,60.00,,142.99,,142.99,,60.00,,60.00,,60.00,,60.00,,86.73,,86.73,,60.00,,60.00,,,,,,60.00,,60.00,,60.00,,60.00,,,,,,,,,,,,,,563.46,610.45,-46.99,92.30 %,66.00,1454.83,-1388.83,4.54 %,,610.46,-610.46,,,610.46,-610.46,,,882.42,-882.42,,,610.46,-610.46,,,0.00,0.00,,,610.46,-610.46,,,610.46,-610.46,,,0.00,0.00,,,0.00,0.00,,,0.00,0.00,,1219.18,6000.00,-4780.82,20.32 %
63030 Mortgage Interest,,,,,,,,,,,,,,,,,,,,,,,,,2049.30,,2049.30,,3394.44,,3394.44,,,,,,8862.85,,8862.85,,-14306.59,,-14306.59,,4766.67,,4766.67,,4684.03,6500.00,-1815.97,72.06 %,,6500.00,-6500.00,,,6500.00,-6500.00,,,6500.00,-6500.00,,,6500.00,-6500.00,,,6500.00,-6500.00,,,6500.00,-6500.00,,,6500.00,-6500.00,,,6500.00,-6500.00,,,6500.00,-6500.00,,,6500.00,-6500.00,,,6500.00,-6500.00,,9450.70,78000.00,-68549.30,12.12 %
66100 Insurance,,,,,,,,,,,,,,,,,,,,,,,,,,,,,,,,,,,,,,,,,,,,,,,,,,0.00,0.00,,,4000.00,-4000.00,,,0.00,0.00,,,0.00,0.00,,,4000.00,-4000.00,,,0.00,0.00,,,0.00,0.00,,,4000.00,-4000.00,,,0.00,0.00,,,0.00,0.00,,,4000.00,-4000.00,,,0.00,0.00,,0.00,16000.00,-16000.00,0.00%
Total 630 Occupancy Expenses,2628.63,0.00,2628.63,0.00,2690.83,0.00,2690.83,0.00,3591.27,0.00,3591.27,0.00,2426.52,0.00,2426.52,0.00,2657.86,0.00,2657.86,0.00,2674.21,0.00,2674.21,0.00,3770.05,0.00,3770.05,0.00,6209.49,0.00,6209.49,0.00,5117.57,0.00,5117.57,0.00,16846.77,0.00,16846.77,0.00,-29824.45,0.00,-29824.45,0.00,7483.99,0.00,7483.99,0.00,7818.15,9992.32,-2174.17,78.24 %,3016.94,14861.87,-11844.93,20.30 %,235.09,9535.56,-9300.47,2.47 %,0.00,9551.16,-9551.16,0.00,0.00,13381.92,-13381.92,0.00,0.00,9020.65,-9020.65,0.00,0.00,9764.13,-9764.13,0.00,0.00,13713.97,-13713.97,0.00,0.00,11869.38,-11869.38,0.00,0.00,8866.91,-8866.91,0.00,0.00,14937.73,-14937.73,0.00,0.00,10906.40,-10906.40,0.00,37342.92,136402.00,-99059.08,27.38 %
640 Operational Expenses,,,,,,,,,,,,,,,,,,,,,,,,,,,,,,,,,,,,,,,,,,,,,,,,,,,,,,,,,,,,,,,,,,,,,,,,,,,,,,,,,,,,,,,,,,,,,,,,,0.00,0.00,0.00,0.00%
64000 Bank Service Charges,34.88,,34.88,,,,,,,,,,99.00,,99.00,,12.00,,12.00,,8.00,,8.00,,4.50,,4.50,,,,,,,,,,,,,,-12.00,,-12.00,,,,,,,0.00,0.00,,,0.00,0.00,,,0.00,0.00,,,0.00,0.00,,,0.00,0.00,,,0.00,0.00,,,0.00,0.00,,,0.00,0.00,,,0.00,0.00,,,0.00,0.00,,,0.00,0.00,,,100.00,-100.00,,146.38,100.00,46.38,146.38 %
64010 Software Subscriptions,-4694.46,,-4694.46,,954.94,,954.94,,646.53,,646.53,,980.48,,980.48,,1008.63,,1008.63,,983.64,,983.64,,1378.24,,1378.24,,997.48,,997.48,,917.59,,917.59,,4169.73,,4169.73,,1040.24,,1040.24,,1004.66,,1004.66,,972.15,270.87,701.28,358.90 %,204.47,270.83,-66.36,75.50 %,,270.83,-270.83,,,270.83,-270.83,,,270.83,-270.83,,,270.83,-270.83,,,270.83,-270.83,,,270.83,-270.83,,,270.83,-270.83,,,270.83,-270.83,,,270.83,-270.83,,,270.83,-270.83,,10564.32,3250.00,7314.32,325.06 %
64025 Membership Dues and Subscriptions,,,,,,,,,,,,,,,,,1852.00,,1852.00,,1280.99,,1280.99,,54.95,,54.95,,146.00,,146.00,,29.00,,29.00,,,,,,14.95,,14.95,,1466.00,,1466.00,,14.95,333.37,-318.42,4.48 %,,333.33,-333.33,,,333.33,-333.33,,,333.33,-333.33,,,333.33,-333.33,,,333.33,-333.33,,,333.33,-333.33,,,333.33,-333.33,,,333.33,-333.33,,,333.33,-333.33,,,333.33,-333.33,,,333.33,-333.33,,4858.84,4000.00,858.84,121.47 %
64030 Depreciation Expense,1589.62,,1589.62,,1590.77,,1590.77,,1610.93,,1610.93,,1611.38,,1611.38,,1611.38,,1611.38,,1609.11,,1609.11,,1603.66,,1603.66,,1598.48,,1598.48,,1574.71,,1574.71,,1841.38,,1841.38,,1848.72,,1848.72,,1846.48,,1846.48,,5108.68,5108.68,0.00,100.00 %,,6421.64,-6421.64,,,6419.20,-6419.20,,,6416.98,-6416.98,,,6416.98,-6416.98,,,6403.15,-6403.15,,,6399.87,-6399.87,,,6396.76,-6396.76,,,6382.64,-6382.64,,,6382.64,-6382.64,,,6382.29,-6382.29,,,4610.17,-4610.17,,25045.30,73741.00,-48695.70,33.96 %
64035 Automobile Expenses,215.53,,215.53,,578.83,,578.83,,271.44,,271.44,,358.94,,358.94,,174.00,,174.00,,227.41,,227.41,,414.55,,414.55,,967.17,,967.17,,160.90,,160.90,,785.40,,785.40,,73.92,,73.92,,77.87,,77.87,,478.54,625.00,-146.46,76.57 %,,625.00,-625.00,,,625.00,-625.00,,,625.00,-625.00,,,625.00,-625.00,,,625.00,-625.00,,,625.00,-625.00,,,625.00,-625.00,,,625.00,-625.00,,,625.00,-625.00,,,625.00,-625.00,,,625.00,-625.00,,4784.50,7500.00,-2715.50,63.79 %
64060 Reconciliation Differences,,,,,,,,,-0.02,,-0.02,,-0.91,,-0.91,,-1.24,,-1.24,,-0.03,,-0.03,,0.19,,0.19,,-0.01,,-0.01,,-0.51,,-0.51,,-0.16,,-0.16,,,,,,-0.01,,-0.01,,-1.63,,-1.63,,,,,,,,,,,,,,,,,,,,,,,,,,,,,,,,,,,,,,,,,,,,,,-4.33,0.00,-4.33,0.00%
64090 Melio Service Fees,11.00,,11.00,,12.00,,12.00,,19.50,,19.50,,15.00,,15.00,,6.00,,6.00,,11.00,,11.00,,6.00,,6.00,,25.00,,25.00,,12.00,,12.00,,11.50,,11.50,,9.50,,9.50,,9.50,,9.50,,9.00,20.87,-11.87,43.12 %,35.00,20.83,14.17,168.03 %,,20.83,-20.83,,,20.83,-20.83,,,20.83,-20.83,,,20.83,-20.83,,,20.83,-20.83,,,20.83,-20.83,,,20.83,-20.83,,,20.83,-20.83,,,20.83,-20.83,,,20.83,-20.83,,192.00,250.00,-58.00,76.80 %
Total 640 Operational Expenses,-2843.43,0.00,-2843.43,0.00,3136.54,0.00,3136.54,0.00,2548.38,0.00,2548.38,0.00,3063.89,0.00,3063.89,0.00,4662.77,0.00,4662.77,0.00,4120.12,0.00,4120.12,0.00,3462.09,0.00,3462.09,0.00,3734.12,0.00,3734.12,0.00,2693.69,0.00,2693.69,0.00,6807.85,0.00,6807.85,0.00,2975.33,0.00,2975.33,0.00,4404.50,0.00,4404.50,0.00,6581.69,6358.79,222.90,103.51 %,239.47,7671.63,-7432.16,3.12 %,0.00,7669.19,-7669.19,0.00,0.00,7666.97,-7666.97,0.00,0.00,7666.97,-7666.97,0.00,0.00,7653.14,-7653.14,0.00,0.00,7649.86,-7649.86,0.00,0.00,7646.75,-7646.75,0.00,0.00,7632.63,-7632.63,0.00,0.00,7632.63,-7632.63,0.00,0.00,7632.28,-7632.28,0.00,0.00,5960.16,-5960.16,0.00,45587.01,88841.00,-43253.99,51.31 %
"650 Travel, Meals and Entertainment",,,,,,,,,,,,,,,,,,,,,,,,,,,,,,,,,,,,,,,,,,,,,,,,,,,,,,,,,,,,,,,,,,,,,,,,,,,,,,,,,,,,,,,,,,,,,,,,,0.00,0.00,0.00,0.00%
65000 Transportation,54.80,,54.80,,,,,,,,,,128.00,,128.00,,44.94,,44.94,,,,,,,,,,37.99,,37.99,,,,,,,,,,,,,,11.20,,11.20,,,58.99,-58.99,,,0.00,0.00,,,0.00,0.00,,,0.00,0.00,,,44.12,-44.12,,,135.84,-135.84,,,0.00,0.00,,,261.05,-261.05,,,0.00,0.00,,,0.00,0.00,,,0.00,0.00,,,0.00,0.00,,276.93,500.00,-223.07,55.39 %
65010 Lodging,31.95,,31.95,,,,,,,,,,,,,,,,,,251.73,,251.73,,650.00,,650.00,,,,,,,,,,,,,,,,,,,,,,,0.00,0.00,,,0.00,0.00,,,0.00,0.00,,,0.00,0.00,,,0.00,0.00,,,279.16,-279.16,,,720.84,-720.84,,,0.00,0.00,,,0.00,0.00,,,0.00,0.00,,,0.00,0.00,,,0.00,0.00,,933.68,1000.00,-66.32,93.37 %
65020 Meals,350.36,,350.36,,107.31,,107.31,,21.55,,21.55,,283.64,,283.64,,630.25,,630.25,,-26.95,,-26.95,,,,,,173.89,,173.89,,180.40,,180.40,,212.18,,212.18,,-120.51,,-120.51,,,,,,220.65,,220.65,,,,,,,,,,,,,,,,,,,,,,,,,,,,,,,,,,,,,,,,,,,,,,2032.77,0.00,2032.77,0.00%
65068 Conferences,,,,,,,,,,,,,,,,,,,,,,,,,,,,,,,,,,,,,,,,,,,,,,,,,,0.00,0.00,,,0.00,0.00,,,0.00,0.00,,,0.00,0.00,,,0.00,0.00,,,0.00,0.00,,,0.00,0.00,,,2000.00,-2000.00,,,1750.00,-1750.00,,,625.00,-625.00,,,0.00,0.00,,,0.00,0.00,,0.00,4375.00,-4375.00,0.00%
"Total 650 Travel, Meals and Entertainment",437.11,0.00,437.11,0.00,107.31,0.00,107.31,0.00,21.55,0.00,21.55,0.00,411.64,0.00,411.64,0.00,675.19,0.00,675.19,0.00,224.78,0.00,224.78,0.00,650.00,0.00,650.00,0.00,211.88,0.00,211.88,0.00,180.40,0.00,180.40,0.00,212.18,0.00,212.18,0.00,-120.51,0.00,-120.51,0.00,11.20,0.00,11.20,0.00,220.65,58.99,161.66,374.05 %,0.00,0.00,0.00,0.00,0.00,0.00,0.00,0.00,0.00,0.00,0.00,0.00,0.00,44.12,-44.12,0.00,0.00,415.00,-415.00,0.00,0.00,720.84,-720.84,0.00,0.00,2261.05,-2261.05,0.00,0.00,1750.00,-1750.00,0.00,0.00,625.00,-625.00,0.00,0.00,0.00,0.00,0.00,0.00,0.00,0.00,0.00,3243.38,5875.00,-2631.62,55.21 %
660 Insurance,,,,,,,,,,,,,,,,,-307.00,,-307.00,,5523.00,,5523.00,,-876.00,,-876.00,,2672.16,,2672.16,,,,,,,,,,3980.66,,3980.66,,,,,,,,,,,,,,,,,,,,,,,,,,,,,,,,,,,,,,,,,,,,,,,,,,,,,,10992.82,0.00,10992.82,0.00%
66000 General Liability Insurance,,,,,,,,,-856.00,,-856.00,,593.00,,593.00,,,,,,,,,,,,,,,,,,,,,,,,,,-593.00,,-593.00,,,,,,,,,,,,,,,,,,,,,,,,,,,,,,,,,,,,,,,,,,,,,,,,,,,,,,-856.00,0.00,-856.00,0.00%
66010 D&O Insurance,,,,,,,,,1185.00,,1185.00,,,,,,,,,,,,,,,,,,,,,,,,,,,,,,,,,,,,,,,,,,,,,,,,,,,,,,,,,,,,,,,,,,,,,,,,,,,,,,,,,,,,,,1185.00,0.00,1185.00,0.00%
66150 Workers Compensation,,,,,,,,,,,,,1083.00,,1083.00,,,,,,,,,,,,,,,,,,,,,,,,,,,,,,,,,,,,,,,,,,,,,,,,,,,,,,,,,,,,,,,,,,,,,,,,,,,,,,,,,,1083.00,0.00,1083.00,0.00%
Total 660 Insurance,0.00,0.00,0.00,0.00,0.00,0.00,0.00,0.00,329.00,0.00,329.00,0.00,1676.00,0.00,1676.00,0.00,-307.00,0.00,-307.00,0.00,5523.00,0.00,5523.00,0.00,-876.00,0.00,-876.00,0.00,2672.16,0.00,2672.16,0.00,0.00,0.00,0.00,0.00,0.00,0.00,0.00,0.00,3387.66,0.00,3387.66,0.00,0.00,0.00,0.00,0.00,0.00,0.00,0.00,0.00,0.00,0.00,0.00,0.00,0.00,0.00,0.00,0.00,0.00,0.00,0.00,0.00,0.00,0.00,0.00,0.00,0.00,0.00,0.00,0.00,0.00,0.00,0.00,0.00,0.00,0.00,0.00,0.00,0.00,0.00,0.00,0.00,0.00,0.00,0.00,0.00,0.00,0.00,0.00,0.00,0.00,0.00,0.00,0.00,12404.82,0.00,12404.82,0.00%
670 Event / Fundraising Expenses,,,,,,,,,,,,,,,,,,,,,,,,,,,,,,,,,,,,,,,,,,,,,,,,,,,,,,,,,,,,,,,,,,,,,,,,,,,,,,,,,,,,,,,,,,,,,,,,,0.00,0.00,0.00,0.00%
67001 Appreciation,123.30,,123.30,,81.35,,81.35,,,,,,,,,,,,,,,,,,,,,,,,,,,,,,,,,,,,,,,,,,,90.37,-90.37,,,59.63,-59.63,,,0.00,0.00,,,0.00,0.00,,,0.00,0.00,,,0.00,0.00,,,150.00,-150.00,,,300.00,-300.00,,,50.00,-50.00,,,0.00,0.00,,,0.00,0.00,,,0.00,0.00,,204.65,650.00,-445.35,31.48 %
67005 Venue Rental,1500.00,,1500.00,,,,,,500.00,,500.00,,,,,,,,,,,,,,50945.00,,50945.00,,35945.00,,35945.00,,,,,,,,,,,,,,,,,,,2036.43,-2036.43,,,0.00,0.00,,,0.00,0.00,,,0.00,0.00,,,8000.00,-8000.00,,,0.00,0.00,,,69163.93,-69163.93,,,48799.64,-48799.64,,,0.00,0.00,,,0.00,0.00,,,0.00,0.00,,,0.00,0.00,,88890.00,128000.00,-39110.00,69.45 %
67010 Equipment Rental,,,,,1421.31,,1421.31,,,,,,,,,,,,,,1400.00,,1400.00,,1750.00,,1750.00,,,,,,,,,,1575.50,,1575.50,,407.20,,407.20,,-14.48,,-14.48,,,69.67,-69.67,,,600.75,-600.75,,,898.24,-898.24,,,410.63,-410.63,,,20.71,-20.71,,,0.00,0.00,,,0.00,0.00,,,0.00,0.00,,,0.00,0.00,,,1320.77,-1320.77,,,341.37,-341.37,,,-12.14,12.14,,6539.53,3650.00,2889.53,179.17 %
67015 Entertainment / Speakers,,,,,2787.71,,2787.71,,,,,,,,,,,,,,,,,,4400.00,,4400.00,,,,,,,,,,5735.50,,5735.50,,220.02,,220.02,,1894.22,,1894.22,,,27.87,-27.87,,,1201.08,-1201.08,,,359.29,-359.29,,,164.25,-164.25,,,8.29,-8.29,,,0.00,0.00,,,6039.22,-6039.22,,,0.00,0.00,,,0.00,0.00,,,5991.42,-5991.42,,,229.84,-229.84,,,1978.74,-1978.74,,15037.45,16000.00,-962.55,93.98 %
67018 Event Security,,,,,,,,,,,,,,,,,,,,,,,,,600.00,,600.00,,1600.00,,1600.00,,,,,,,,,,,,,,,,,,,0.00,0.00,,,0.00,0.00,,,0.00,0.00,,,0.00,0.00,,,0.00,0.00,,,0.00,0.00,,,818.18,-818.18,,,2181.82,-2181.82,,,0.00,0.00,,,0.00,0.00,,,0.00,0.00,,,0.00,0.00,,2200.00,3000.00,-800.00,73.33 %
67025 Other Event / Fundraising Expenses,69.90,,69.90,,,,,,137.11,,137.11,,300.00,,300.00,,,,,,12160.00,,12160.00,,,,,,,,,,,,,,,,,,,,,,,,,,,29.44,-29.44,,,253.82,-253.82,,,379.50,-379.50,,,173.49,-173.49,,,1008.75,-1008.75,,,0.00,0.00,,,0.00,0.00,,,0.00,0.00,,,0.00,0.00,,,0.00,0.00,,,0.00,0.00,,,0.00,0.00,,12667.01,1845.00,10822.01,686.56 %
67026 Gift Wrapping Supplies,220.57,,220.57,,6.99,,6.99,,,,,,,,,,,,,,,,,,,,,,,,,,,,,,,,,,,,,,281.21,,281.21,,,,,,,,,,,,,,,,,,,,,,,,,,,,,,,,,,,,,,,,,,,,,,,,,,508.77,0.00,508.77,0.00%
67028 Event food,,,,,,,,,3918.58,,3918.58,,12.59,,12.59,,292.15,,292.15,,,,,,1162.58,,1162.58,,,,,,,,,,,,,,675.25,,675.25,,1976.09,,1976.09,,,120.17,-120.17,,,1036.30,-1036.30,,,1549.46,-1549.46,,,708.34,-708.34,,,35.73,-35.73,,,0.00,0.00,,,900.00,-900.00,,,100.00,-100.00,,,0.00,0.00,,,0.00,0.00,,,76.40,-76.40,,,223.60,-223.60,,8037.24,4750.00,3287.24,169.21 %
67031 event manager,1000.00,,1000.00,,,,,,,,,,2500.00,,2500.00,,,,,,,,,,,,,,,,,,,,,,,,,,,,,,5500.00,,5500.00,,,0.00,0.00,,,0.00,0.00,,,0.00,0.00,,,0.00,0.00,,,0.00,0.00,,,0.00,0.00,,,0.00,0.00,,,0.00,0.00,,,0.00,0.00,,,0.00,0.00,,,0.00,0.00,,,1000.00,-1000.00,,9000.00,1000.00,8000.00,900.00 %
67035 Event Supplies & Decorations,,,,,1277.30,,1277.30,,-2341.28,,-2341.28,,2500.56,,2500.56,,249.78,,249.78,,47.30,,47.30,,1406.33,,1406.33,,52.26,,52.26,,76.39,,76.39,,50.36,,50.36,,360.30,,360.30,,320.62,,320.62,,26.70,0.00,26.70,,,0.00,0.00,,,0.00,0.00,,,0.00,0.00,,,438.05,-438.05,,,55.00,-55.00,,,2355.55,-2355.55,,,33.27,-33.27,,,67.36,-67.36,,,44.40,-44.40,,,323.66,-323.66,,,282.71,-282.71,,4026.62,3600.00,426.62,111.85 %
67081 Event T-Shirts,,,,,,,,,,,,,,,,,,,,,2353.06,,2353.06,,60.00,,60.00,,,,,,,,,,,,,,1911.98,,1911.98,,,,,,,0.00,0.00,,,0.00,0.00,,,0.00,0.00,,,0.00,0.00,,,0.00,0.00,,,2437.84,-2437.84,,,62.16,-62.16,,,0.00,0.00,,,0.00,0.00,,,0.00,0.00,,,2000.00,-2000.00,,,0.00,0.00,,4325.04,4500.00,-174.96,96.11 %
Total 670 Event / Fundraising Expenses,2913.77,0.00,2913.77,0.00,5574.66,0.00,5574.66,0.00,2214.41,0.00,2214.41,0.00,5313.15,0.00,5313.15,0.00,541.93,0.00,541.93,0.00,15960.36,0.00,15960.36,0.00,60323.91,0.00,60323.91,0.00,37597.26,0.00,37597.26,0.00,76.39,0.00,76.39,0.00,7361.36,0.00,7361.36,0.00,3574.75,0.00,3574.75,0.00,9957.66,0.00,9957.66,0.00,26.70,2373.95,-2347.25,1.12 %,0.00,3151.58,-3151.58,0.00,0.00,3186.49,-3186.49,0.00,0.00,1456.71,-1456.71,0.00,0.00,9511.53,-9511.53,0.00,0.00,2492.84,-2492.84,0.00,0.00,79489.04,-79489.04,0.00,0.00,51414.73,-51414.73,0.00,0.00,117.36,-117.36,0.00,0.00,7356.59,-7356.59,0.00,0.00,2971.27,-2971.27,0.00,0.00,3472.91,-3472.91,0.00,151436.31,166995.00,-15558.69,90.68 %
6710 Event / Fundraising - In Kind,,,,,,,,,,,,,,,,,,,,,,,,,,,,,,,,,,,,,,,,,,,,,,,,,,,,,,,,,,,,,,,,,,,,,,,,,,,,,,,,,,,,,,,,,,,,,,,,,0.00,0.00,0.00,0.00%
67101 Event Food - In Kind,,,,,,,,,2126.00,,2126.00,,213.96,,213.96,,,,,,,,,,351.25,,351.25,,8575.65,,8575.65,,,,,,,,,,,,,,1368.26,,1368.26,,,0.00,0.00,,,0.00,0.00,,,0.00,0.00,,,0.00,0.00,,,2250.00,-2250.00,,,0.00,0.00,,,4000.00,-4000.00,,,5000.00,-5000.00,,,0.00,0.00,,,0.00,0.00,,,0.00,0.00,,,4250.00,-4250.00,,12635.12,15500.00,-2864.88,81.52 %
67102 Gift Wrapping Supplies - In Kind,,,,,,,,,,,,,,,,,,,,,,,,,,,,,,,,,,,,,,,,,,,,,132.00,,132.00,,141.00,0.00,141.00,,,0.00,0.00,,,0.00,0.00,,,0.00,0.00,,,0.00,0.00,,,0.00,0.00,,,0.00,0.00,,,0.00,0.00,,,0.00,0.00,,,0.00,0.00,,,0.00,0.00,,,600.00,-600.00,,273.00,600.00,-327.00,45.50 %
67105 Event Supplies and Decorations - In Kind,,,,,,,,,297.78,,297.78,,,,,,2400.00,,2400.00,,,,,,64.00,,64.00,,,,,,,,,,,,,,,,,,175.00,,175.00,,270.00,,270.00,,,,,,,,,,,,,,,,,,,,,,,,,,,,,,,,,,,,,,,,,,,,,,3206.78,0.00,3206.78,0.00%
67106 Venue Rental - In Kind,,,,,,,,,,,,,,,,,,,,,,,,,500.00,,500.00,,,,,,,,,,,,,,,,,,500.00,,500.00,,,0.00,0.00,,,0.00,0.00,,,0.00,0.00,,,0.00,0.00,,,0.00,0.00,,,0.00,0.00,,,0.00,0.00,,,500.00,-500.00,,,0.00,0.00,,,0.00,0.00,,,0.00,0.00,,,500.00,-500.00,,1000.00,1000.00,0.00,100.00 %
Total 6710 Event / Fundraising - In Kind,0.00,0.00,0.00,0.00,0.00,0.00,0.00,0.00,2423.78,0.00,2423.78,0.00,213.96,0.00,213.96,0.00,2400.00,0.00,2400.00,0.00,0.00,0.00,0.00,0.00,915.25,0.00,915.25,0.00,8575.65,0.00,8575.65,0.00,0.00,0.00,0.00,0.00,0.00,0.00,0.00,0.00,0.00,0.00,0.00,0.00,2175.26,0.00,2175.26,0.00,411.00,0.00,411.00,0.00,0.00,0.00,0.00,0.00,0.00,0.00,0.00,0.00,0.00,0.00,0.00,0.00,0.00,2250.00,-2250.00,0.00,0.00,0.00,0.00,0.00,0.00,4000.00,-4000.00,0.00,0.00,5500.00,-5500.00,0.00,0.00,0.00,0.00,0.00,0.00,0.00,0.00,0.00,0.00,0.00,0.00,0.00,0.00,5350.00,-5350.00,0.00,17114.90,17100.00,14.90,100.09 %
680 Program Expenses,,,,,,,,,,,,,,,,,,,,,,,,,,,,,,,,,,,,,,,,,,,,,,,,,,,,,,,,,,,,,,,,,,,,,,,,,,,,,,,,,,,,,,,,,,,,,,,,,0.00,0.00,0.00,0.00%
68000 Beds,2249.79,,2249.79,,3012.86,,3012.86,,346.96,,346.96,,3002.75,,3002.75,,1593.46,,1593.46,,522.55,,522.55,,3282.14,,3282.14,,1034.17,,1034.17,,1964.37,,1964.37,,1442.70,,1442.70,,2437.06,,2437.06,,,,,,442.93,2046.34,-1603.41,21.64 %,,2740.43,-2740.43,,,315.59,-315.59,,,2731.24,-2731.24,,,1449.38,-1449.38,,,475.30,-475.30,,,2985.36,-2985.36,,,940.66,-940.66,,,1786.75,-1786.75,,,1312.25,-1312.25,,,2216.70,-2216.70,,,0.00,0.00,,21331.74,19000.00,2331.74,112.27 %
68010 Baby Equipment,,,,,,,,,,,,,,,,,,,,,,,,,,,,,,,,,,,,,,,,,,,,,,,,,472.96,334.00,138.96,141.60 %,,334.00,-334.00,,,334.00,-334.00,,,334.00,-334.00,,,333.00,-333.00,,,333.00,-333.00,,,333.00,-333.00,,,333.00,-333.00,,,333.00,-333.00,,,333.00,-333.00,,,333.00,-333.00,,,333.00,-333.00,,472.96,4000.00,-3527.04,11.82 %
68020 Boxes & Bag Supplies,,,,,19.98,,19.98,,71.30,,71.30,,97.05,,97.05,,,,,,389.55,,389.55,,81.79,,81.79,,69.44,,69.44,,,,,,9.99,,9.99,,444.80,,444.80,,22.47,,22.47,,126.11,0.00,126.11,,59.96,21.92,38.04,273.54 %,,78.18,-78.18,,,106.42,-106.42,,,0.00,0.00,,,427.16,-427.16,,,69.13,-69.13,,,76.14,-76.14,,,0.00,0.00,,,2310.95,-2310.95,,,185.46,-185.46,,,24.64,-24.64,,1392.44,3300.00,-1907.56,42.20 %
68025 Closet Inventory,4413.06,,4413.06,,1614.25,,1614.25,,8697.28,,8697.28,,6623.20,,6623.20,,2737.68,,2737.68,,3655.20,,3655.20,,7723.02,,7723.02,,7216.78,,7216.78,,3148.77,,3148.77,,6552.10,,6552.10,,258.29,,258.29,,64.38,,64.38,,46.98,9188.36,-9141.38,0.51 %,,3769.49,-3769.49,,,17317.03,-17317.03,,,13246.44,-13246.44,,,5556.16,-5556.16,,,7396.88,-7396.88,,,15486.01,-15486.01,,,14359.10,-14359.10,,,6666.49,-6666.49,,,13107.07,-13107.07,,,704.05,-704.05,,,702.92,-702.92,,52750.99,107500.00,-54749.01,49.07 %
680251 Bibles,,,,,,,,,,,,,,,,,,,,,,,,,,,,,,,,,,,,,,,,,75.48,,75.48,,389.88,,389.88,,137.90,,137.90,,,,,,,,,,,,,,,,,,,,,,,,,,,,,,,,,,,,,,,,,,,,,,603.26,0.00,603.26,0.00%
6802510 Shoes,,,,,,,,,,,,,,,,,,,,,,,,,,,,,,,,,,,,,,,,,44.76,,44.76,,60.00,,60.00,,76.50,,76.50,,,,,,,,,,,,,,,,,,,,,,,,,,,,,,,,,,,,,,,,,,,,,,181.26,0.00,181.26,0.00%
6802511 Blankets,,,,,,,,,,,,,,,,,,,,,,,,,,,,,,,,,,,,,,,,,,,,,121.20,,121.20,,,,,,,,,,,,,,,,,,,,,,,,,,,,,,,,,,,,,,,,,,,,,,,,,,121.20,0.00,121.20,0.00%
6802512 School Age Boy Clothes,,,,,,,,,,,,,,,,,,,,,,,,,,,,,,,,,,,,,,,,,,,,,186.61,,186.61,,402.83,,402.83,,99.66,,99.66,,,,,,,,,,,,,,,,,,,,,,,,,,,,,,,,,,,,,,,,,,689.10,0.00,689.10,0.00%
6802513 School Age Girl Clothes,,,,,,,,,,,,,,,,,,,,,,,,,,,,,,,,,,,,,,,,,46.97,,46.97,,29.99,,29.99,,347.91,,347.91,,59.98,,59.98,,,,,,,,,,,,,,,,,,,,,,,,,,,,,,,,,,,,,,,,,,484.85,0.00,484.85,0.00%
6802516 Toddler Boy Clothes,,,,,,,,,,,,,,,,,,,,,,,,,,,,,,,,,,,,,,,,,29.86,,29.86,,165.86,,165.86,,,,,,,,,,,,,,,,,,,,,,,,,,,,,,,,,,,,,,,,,,,,,,,,,,195.72,0.00,195.72,0.00%
6802517 Toddler Girl Clothes,,,,,,,,,,,,,,,,,,,,,,,,,,,,,,,,,,,,,,,,,,,,,,,,,,,,,37.82,,37.82,,,,,,,,,,,,,,,,,,,,,,,,,,,,,,,,,,,,,,,,,,37.82,0.00,37.82,0.00%
6802519 Baby Boy Clothes,,,,,,,,,,,,,,,,,,,,,,,,,,,,,,,,,,,,,,,,,,,,,168.87,,168.87,,76.97,,76.97,,,,,,,,,,,,,,,,,,,,,,,,,,,,,,,,,,,,,,,,,,,,,,245.84,0.00,245.84,0.00%
680252 Toys,,,,,,,,,,,,,,,,,,,,,,,,,,,,,,,,,,,,,,,,,97.43,,97.43,,94.88,,94.88,,,,,,,,,,,,,,,,,,,,,,,,,,,,,,,,,,,,,,,,,,,,,,,,,,192.31,0.00,192.31,0.00%
6802520 Baby Girl Clothes,,,,,,,,,,,,,,,,,,,,,,,,,,,,,,,,,,,,,,,,,,,,,60.97,,60.97,,54.97,,54.97,,,,,,,,,,,,,,,,,,,,,,,,,,,,,,,,,,,,,,,,,,,,,,115.94,0.00,115.94,0.00%
680253 Toiletries,,,,,,,,,,,,,,,,,,,,,,,,,,,,,,,,,,,,,,,,,50.00,,50.00,,90.44,,90.44,,,,,,,,,,,,,,,,,,,,,,,,,,,,,,,,,,,,,,,,,,,,,,,,,,140.44,0.00,140.44,0.00%
6802530 Books,,,,,,,,,,,,,,,,,,,,,,,,,,,,,,,,,,,,,,,,,26.07,,26.07,,,,,,,,,,,,,,,,,,,,,,,,,,,,,,,,,,,,,,,,,,,,,,,,,,,,,,26.07,0.00,26.07,0.00%
680254 Teen Boy Clothes,,,,,,,,,,,,,,,,,,,,,,,,,,,,,,,,,,,,,77.97,,77.97,,211.84,,211.84,,389.36,,389.36,,283.95,,283.95,,92.97,,92.97,,,,,,,,,,,,,,,,,,,,,,,,,,,,,,,,,,,,,,,,,,1056.09,0.00,1056.09,0.00%
680255 Teen Boy PJs,,,,,,,,,,,,,,,,,,,,,,,,,,,,,,,,,,,,,,,,,56.98,,56.98,,49.00,,49.00,,108.00,,108.00,,,,,,,,,,,,,,,,,,,,,,,,,,,,,,,,,,,,,,,,,,,,,,213.98,0.00,213.98,0.00%
680256 Teen Socks and Underwear,,,,,,,,,,,,,,,,,,,,,,,,,,,,,,,,,,,,,,,,,,,,,87.71,,87.71,,71.72,,71.72,,,,,,,,,,,,,,,,,,,,,,,,,,,,,,,,,,,,,,,,,,,,,,159.43,0.00,159.43,0.00%
680257 Teen Girl Clothes,,,,,,,,,,,,,,,,,,,,,,,,,,,,,,,,,,,,,35.14,,35.14,,131.92,,131.92,,153.94,,153.94,,297.17,,297.17,,107.22,,107.22,,,,,,,,,,,,,,,,,,,,,,,,,,,,,,,,,,,,,,,,,,725.39,0.00,725.39,0.00%
680258 Teen Girl PJs,,,,,,,,,,,,,,,,,,,,,,,,,,,,,,,,,,,,,,,,,,,,,78.39,,78.39,,25.61,,25.61,,,,,,,,,,,,,,,,,,,,,,,,,,,,,,,,,,,,,,,,,,,,,,104.00,0.00,104.00,0.00%
6802591 School Age Boy PJs,,,,,,,,,,,,,,,,,,,,,,,,,,,,,,,,,,,,,,,,,,,,,54.41,,54.41,,,,,,,,,,,,,,,,,,,,,,,,,,,,,,,,,,,,,,,,,,,,,,,,,,54.41,0.00,54.41,0.00%
Total 68025 Closet Inventory,4413.06,0.00,4413.06,0.00,1614.25,0.00,1614.25,0.00,8697.28,0.00,8697.28,0.00,6623.20,0.00,6623.20,0.00,2737.68,0.00,2737.68,0.00,3655.20,0.00,3655.20,0.00,7723.02,0.00,7723.02,0.00,7216.78,0.00,7216.78,0.00,3148.77,0.00,3148.77,0.00,6665.21,0.00,6665.21,0.00,1029.60,0.00,1029.60,0.00,2245.89,0.00,2245.89,0.00,1930.51,9188.36,-7257.85,21.01 %,397.65,3769.49,-3371.84,10.55 %,0.00,17317.03,-17317.03,0.00,0.00,13246.44,-13246.44,0.00,0.00,5556.16,-5556.16,0.00,0.00,7396.88,-7396.88,0.00,0.00,15486.01,-15486.01,0.00,0.00,14359.10,-14359.10,0.00,0.00,6666.49,-6666.49,0.00,0.00,13107.07,-13107.07,0.00,0.00,704.05,-704.05,0.00,0.00,702.92,-702.92,0.00,58098.10,107500.00,-49401.90,54.04 %
68035 Tutoring,1200.00,,1200.00,,930.00,,930.00,,294.00,,294.00,,350.00,,350.00,,1190.00,,1190.00,,500.00,,500.00,,1430.00,,1430.00,,1600.00,,1600.00,,1305.00,,1305.00,,5287.80,,5287.80,,1440.00,,1440.00,,210.00,,210.00,,,,,,,,,,,,,,,,,,,,,,,,,,,,,,,,,,,,,,,,,,,,,,,,,,15736.80,0.00,15736.80,0.00%
68040 Other Program Expenses,117.52,,117.52,,579.50,,579.50,,91.99,,91.99,,34.95,,34.95,,,,,,76.87,,76.87,,,,,,,,,,20.99,,20.99,,320.86,,320.86,,,,,,112.92,,112.92,,,41.66,-41.66,,,41.66,-41.66,,,41.66,-41.66,,,41.66,-41.66,,,41.67,-41.67,,,41.67,-41.67,,,41.67,-41.67,,,83.67,-83.67,,,199.67,-199.67,,,41.67,-41.67,,,41.67,-41.67,,,41.67,-41.67,,1355.60,700.00,655.60,193.66 %
68045 Shoes,,,,,213.68,,213.68,,,,,,71.03,,71.03,,,,,,212.85,,212.85,,3302.84,,3302.84,,150.94,,150.94,,,,,,,,,,,,,,,,,,,0.00,0.00,,,0.00,0.00,,,0.00,0.00,,,0.00,0.00,,,0.00,0.00,,,0.00,0.00,,,4000.00,-4000.00,,,1000.00,-1000.00,,,0.00,0.00,,,0.00,0.00,,,0.00,0.00,,,0.00,0.00,,3951.34,5000.00,-1048.66,79.03 %
68050 Extracurricular Expense,816.25,,816.25,,1986.00,,1986.00,,2719.34,,2719.34,,2710.69,,2710.69,,2170.78,,2170.78,,5186.21,,5186.21,,1734.22,,1734.22,,1413.80,,1413.80,,1779.00,,1779.00,,1482.55,,1482.55,,543.00,,543.00,,87.00,,87.00,,900.00,865.71,34.29,103.96 %,,2106.34,-2106.34,,,2884.11,-2884.11,,,2874.94,-2874.94,,,2302.32,-2302.32,,,5500.46,-5500.46,,,1839.30,-1839.30,,,1499.47,-1499.47,,,1886.80,-1886.80,,,1572.38,-1572.38,,,575.90,-575.90,,,92.27,-92.27,,23528.84,24000.00,-471.16,98.04 %
68052 Life Box Gifts,,,,,2214.46,,2214.46,,,,,,1371.85,,1371.85,,2204.13,,2204.13,,1103.32,,1103.32,,750.92,,750.92,,2391.07,,2391.07,,28.24,,28.24,,448.90,,448.90,,1039.33,,1039.33,,,,,,,0.00,0.00,,,2683.68,-2683.68,,,0.00,0.00,,,1662.53,-1662.53,,,2671.16,-2671.16,,,1337.10,-1337.10,,,910.03,-910.03,,,2897.71,-2897.71,,,34.22,-34.22,,,544.02,-544.02,,,1259.55,-1259.55,,,0.00,0.00,,11552.22,14000.00,-2447.78,82.52 %
68070 Elf Shopping,,,,,-66.32,,-66.32,,,,,,,,,,,,,,,,,,,,,,,,,,,,,,,,,,3341.65,,3341.65,,5776.50,,5776.50,,-64.20,0.00,-64.20,,,0.00,0.00,,,0.00,0.00,,,0.00,0.00,,,0.00,0.00,,,0.00,0.00,,,0.00,0.00,,,0.00,0.00,,,0.00,0.00,,,0.00,0.00,,,3618.42,-3618.42,,,6381.58,-6381.58,,8987.63,10000.00,-1012.37,89.88 %
68080 Backpacks,,,,,,,,,,,,,,,,,,,,,,,,,2853.88,,2853.88,,203.57,,203.57,,,,,,,,,,,,,,,,,,,0.00,0.00,,,0.00,0.00,,,0.00,0.00,,,0.00,0.00,,,0.00,0.00,,,0.00,0.00,,,3200.00,-3200.00,,,800.00,-800.00,,,0.00,0.00,,,0.00,0.00,,,0.00,0.00,,,0.00,0.00,,3057.45,4000.00,-942.55,76.44 %
68085 bags,180.00,,180.00,,350.00,,350.00,,,,,,2870.00,,2870.00,,400.00,,400.00,,,,,,19085.00,,19085.00,,265.00,,265.00,,250.00,,250.00,,1448.83,,1448.83,,,,,,395.00,,395.00,,3180.00,246.73,2933.27,"1,288.86 %",,479.75,-479.75,,,0.00,0.00,,,3933.96,-3933.96,,,548.29,-548.29,,,0.00,0.00,,,26160.12,-26160.12,,,363.24,-363.24,,,342.68,-342.68,,,383.80,-383.80,,,0.00,0.00,,,541.43,-541.43,,28423.83,33000.00,-4576.17,86.13 %
68090 Socks / Underwear,,,,,,,,,,,,,,,,,101.22,,101.22,,,,,,7426.12,,7426.12,,,,,,,,,,,,,,,,,,,,,,,0.00,0.00,,,0.00,0.00,,,0.00,0.00,,,0.00,0.00,,,0.00,0.00,,,0.00,0.00,,,6400.00,-6400.00,,,1600.00,-1600.00,,,0.00,0.00,,,0.00,0.00,,,0.00,0.00,,,0.00,0.00,,7527.34,8000.00,-472.66,94.09 %
Total 680 Program Expenses,8976.62,0.00,8976.62,0.00,10854.41,0.00,10854.41,0.00,12220.87,0.00,12220.87,0.00,17131.52,0.00,17131.52,0.00,10397.27,0.00,10397.27,0.00,11646.55,0.00,11646.55,0.00,47669.93,0.00,47669.93,0.00,14344.77,0.00,14344.77,0.00,8496.37,0.00,8496.37,0.00,17106.84,0.00,17106.84,0.00,10275.44,0.00,10275.44,0.00,8849.78,0.00,8849.78,0.00,6988.31,12722.80,-5734.49,54.93 %,457.61,12177.27,-11719.66,3.76 %,0.00,20970.57,-20970.57,0.00,0.00,24931.19,-24931.19,0.00,0.00,12901.98,-12901.98,0.00,0.00,15511.57,-15511.57,0.00,0.00,61424.62,-61424.62,0.00,0.00,23952.99,-23952.99,0.00,0.00,11249.61,-11249.61,0.00,0.00,19605.14,-19605.14,0.00,0.00,8934.75,-8934.75,0.00,0.00,8117.51,-8117.51,0.00,185416.29,232500.00,-47083.71,79.75 %
68100 Program Expenses - In Kind,,,,,,,,,,,,,,,,,,,,,,,,,,,,,,,,,,,,,,,,,,,,,,,,,,,,,,,,,,,,,,,,,,,,,,,,,,,,,,,,,,,,,,,,,,,,,,,,,0.00,0.00,0.00,0.00%
68110 Backpacks - In Kind,,,,,,,,,,,,,,,,,,,,,,,,,1058.00,,1058.00,,30.00,,30.00,,320.00,,320.00,,20.00,,20.00,,,,,,,,,,,0.00,0.00,,,0.00,0.00,,,0.00,0.00,,,0.00,0.00,,,0.00,0.00,,,250.00,-250.00,,,1500.00,-1500.00,,,250.00,-250.00,,,0.00,0.00,,,0.00,0.00,,,0.00,0.00,,,0.00,0.00,,1428.00,2000.00,-572.00,71.40 %
68111 Elf Shopping - In Kind,,,,,,,,,,,,,,,,,,,,,,,,,,,,,,,,,,,,,,,,,,,,,3100.00,,3100.00,,,,,,,,,,,,,,,,,,,,,,,,,,,,,,,,,,,,,,,,,,,,,,,,,,3100.00,0.00,3100.00,0.00%
68120 Closet Inventory - In Kind,4714.35,,4714.35,,4971.54,,4971.54,,6586.58,,6586.58,,6097.00,,6097.00,,8297.00,,8297.00,,5146.00,,5146.00,,4618.25,,4618.25,,7346.00,,7346.00,,6102.49,,6102.49,,1670.00,,1670.00,,,,,,38168.00,,38168.00,,7193.00,2139.51,5053.49,336.20 %,,2256.24,-2256.24,,,2989.19,-2989.19,,,2767.01,-2767.01,,,3765.44,-3765.44,,,2335.41,-2335.41,,,2064.14,-2064.14,,,3333.84,-3333.84,,,2769.50,-2769.50,,,757.90,-757.90,,,0.00,0.00,,,17321.82,-17321.82,,100910.21,42500.00,58410.21,237.44 %
68130 Socks / Underwear - In Kind,,,,,,,,,,,,,,,,,,,,,,,,,1637.00,,1637.00,,60.00,,60.00,,,,,,,,,,,,,,,,,,,0.00,0.00,,,0.00,0.00,,,0.00,0.00,,,0.00,0.00,,,0.00,0.00,,,250.00,-250.00,,,1500.00,-1500.00,,,250.00,-250.00,,,0.00,0.00,,,0.00,0.00,,,0.00,0.00,,,0.00,0.00,,1697.00,2000.00,-303.00,84.85 %
68140 Shoes - In Kind,,,,,,,,,,,,,,,,,,,,,,,,,275.00,,275.00,,9000.00,,9000.00,,,,,,,,,,,,,,6075.00,,6075.00,,,0.00,0.00,,,0.00,0.00,,,0.00,0.00,,,0.00,0.00,,,0.00,0.00,,,0.00,0.00,,,3000.00,-3000.00,,,6000.00,-6000.00,,,0.00,0.00,,,0.00,0.00,,,0.00,0.00,,,0.00,0.00,,15350.00,9000.00,6350.00,170.56 %
68160 Bed and Bedding - In Kind,,,,,,,,,,,,,,,,,190.00,,190.00,,70.00,,70.00,,,,,,130.00,,130.00,,110.00,,110.00,,2300.00,,2300.00,,,,,,,,,,,,,,,,,,,,,,,,,,,,,,,,,,,,,,,,,,,,,,,,,,,,,,,,,,2800.00,0.00,2800.00,0.00%
Total 68100 Program Expenses - In Kind,4714.35,0.00,4714.35,0.00,4971.54,0.00,4971.54,0.00,6586.58,0.00,6586.58,0.00,6097.00,0.00,6097.00,0.00,8487.00,0.00,8487.00,0.00,5216.00,0.00,5216.00,0.00,7588.25,0.00,7588.25,0.00,16566.00,0.00,16566.00,0.00,6532.49,0.00,6532.49,0.00,3990.00,0.00,3990.00,0.00,0.00,0.00,0.00,0.00,47343.00,0.00,47343.00,0.00,7193.00,2139.51,5053.49,336.20 %,0.00,2256.24,-2256.24,0.00,0.00,2989.19,-2989.19,0.00,0.00,2767.01,-2767.01,0.00,0.00,3765.44,-3765.44,0.00,0.00,2835.41,-2835.41,0.00,0.00,8064.14,-8064.14,0.00,0.00,9833.84,-9833.84,0.00,0.00,2769.50,-2769.50,0.00,0.00,757.90,-757.90,0.00,0.00,0.00,0.00,0.00,0.00,17321.82,-17321.82,0.00,125285.21,55500.00,69785.21,225.74 %
695 Support Services,,,,,,,,,,,,,,,,,,,,,,,,,,,,,,,,,,,,,,,,,,,,,,,,,,,,,,,,,,,,,,,,,,,,,,,,,,,,,,,,,,,,,,,,,,,,,,,,,0.00,0.00,0.00,0.00%
69500 Foster Care Symposium,,,,,,,,,,,,,78.13,,78.13,,2273.36,,2273.36,,,,,,,,,,,,,,,,,,,,,,,,,,,,,,,0.00,0.00,,,0.00,0.00,,,0.00,0.00,,,116.29,-116.29,,,3383.71,-3383.71,,,0.00,0.00,,,0.00,0.00,,,0.00,0.00,,,0.00,0.00,,,0.00,0.00,,,0.00,0.00,,,0.00,0.00,,2351.49,3500.00,-1148.51,67.19 %
695002 GAL Appreciation,,,,,262.46,,262.46,,209.93,,209.93,,1205.34,,1205.34,,283.97,,283.97,,,,,,,,,,300.00,,300.00,,,,,,,,,,,,,,,,,,300.00,0.00,300.00,,,290.11,-290.11,,,232.05,-232.05,,,1332.34,-1332.34,,,313.89,-313.89,,,0.00,0.00,,,0.00,0.00,,,331.61,-331.61,,,0.00,0.00,,,0.00,0.00,,,0.00,0.00,,,0.00,0.00,,2561.70,2500.00,61.70,102.47 %
69501 Foster Parent Appreciation,,,,,,,,,350.00,,350.00,,29.99,,29.99,,1289.98,,1289.98,,,,,,,,,,300.00,,300.00,,,,,,,,,,,,,,,,,,,0.00,0.00,,,0.00,0.00,,,399.76,-399.76,,,34.25,-34.25,,,1473.35,-1473.35,,,0.00,0.00,,,0.00,0.00,,,342.64,-342.64,,,0.00,0.00,,,0.00,0.00,,,0.00,0.00,,,0.00,0.00,,1969.97,2250.00,-280.03,87.55 %
69541 Social Worker Appreciation,,,,,608.19,,608.19,,3207.70,,3207.70,,464.82,,464.82,,,,,,,,,,,,,,,,,,9.99,,9.99,,7.34,,7.34,,,,,,,,,,16.48,0.00,16.48,,,707.53,-707.53,,,3731.58,-3731.58,,,540.73,-540.73,,,0.00,0.00,,,0.00,0.00,,,0.00,0.00,,,0.00,0.00,,,11.62,-11.62,,,8.54,-8.54,,,0.00,0.00,,,0.00,0.00,,4314.52,5000.00,-685.48,86.29 %
69543 social light,,,,,,,,,,,,,9.57,,9.57,,,,,,,,,,,,,,,,,,,,,,,,,,,,,,,,,,,,,,,,,,,,,,,,,,,,,,,,,,,,,,,,,,,,,,,,,,,,,,,,,,9.57,0.00,9.57,0.00%
69555 Volunteer Appreciation,250.00,,250.00,,753.98,,753.98,,60.00,,60.00,,,,,,32.70,,32.70,,48.98,,48.98,,110.76,,110.76,,41.42,,41.42,,,,,,4.00,,4.00,,54.04,,54.04,,33.15,,33.15,,,366.70,-366.70,,,1105.93,-1105.93,,,88.01,-88.01,,,0.00,0.00,,,47.96,-47.96,,,71.84,-71.84,,,162.46,-162.46,,,60.75,-60.75,,,0.00,0.00,,,5.87,-5.87,,,41.86,-41.86,,,48.62,-48.62,,1389.03,2000.00,-610.97,69.45 %
Total 695 Support Services,250.00,0.00,250.00,0.00,1624.63,0.00,1624.63,0.00,3827.63,0.00,3827.63,0.00,1787.85,0.00,1787.85,0.00,3880.01,0.00,3880.01,0.00,48.98,0.00,48.98,0.00,110.76,0.00,110.76,0.00,641.42,0.00,641.42,0.00,9.99,0.00,9.99,0.00,11.34,0.00,11.34,0.00,54.04,0.00,54.04,0.00,33.15,0.00,33.15,0.00,316.48,366.70,-50.22,86.30 %,0.00,2103.57,-2103.57,0.00,0.00,4451.40,-4451.40,0.00,0.00,2023.61,-2023.61,0.00,0.00,5218.91,-5218.91,0.00,0.00,71.84,-71.84,0.00,0.00,162.46,-162.46,0.00,0.00,735.00,-735.00,0.00,0.00,11.62,-11.62,0.00,0.00,14.41,-14.41,0.00,0.00,41.86,-41.86,0.00,0.00,48.62,-48.62,0.00,12596.28,15250.00,-2653.72,82.60 %
700 Building Headquarters,,,,,,,,,,,,,,,,,,,,,,,,,,,,,,,,,,,,,,,,,,,,,,,,,,,,,,,,,,,,,,,,,,,,,,,,,,,,,,,,,,,,,,,,,,,,,,,,,0.00,0.00,0.00,0.00%
70005 Building Headquarters - In Kind,3498.25,,3498.25,,,,,,,,,,,,,,9500.00,,9500.00,,,,,,,,,,15521.10,,15521.10,,,,,,,,,,,,,,,,,,,,,,,,,,,,,,,,,,,,,,,,,,,,,,,,,,,,,,,,,,,,,,,,,,28519.35,0.00,28519.35,0.00%
70015 Pre Construction - Design and Architect,,,,,24528.08,,24528.08,,,,,,27826.21,,27826.21,,,,,,,,,,,,,,,,,,,,,,,,,,,,,,,,,,,,,,,,,,,,,,,,,,,,,,,,,,,,,,,,,,,,,,,,,,,,,,,,,,52354.29,0.00,52354.29,0.00%
70016 Pre Construction - Closing Costs,,,,,,,,,2900.00,,2900.00,,5552.77,,5552.77,,,,,,,,,,,,,,,,,,,,,,,,,,,,,,,,,,,,,,,,,,,,,,,,,,,,,,,,,,,,,,,,,,,,,,,,,,,,,,,,,,8452.77,0.00,8452.77,0.00%
70017 Construction Cost - Non Bower Traust,94551.96,,94551.96,,4558.00,,4558.00,,-652.69,,-652.69,,,,,,,,,,20000.00,,20000.00,,14104.24,,14104.24,,92328.11,,92328.11,,,,,,69525.20,,69525.20,,65929.92,,65929.92,,,,,,,,,,,,,,,,,,,,,,,,,,,,,,,,,,,,,,,,,,,,,,,,,,,,,,360344.74,0.00,360344.74,0.00%
70101 Construction Costs,,,,,,,,,,,,,75000.00,,75000.00,,173008.49,,173008.49,,144514.30,,144514.30,,241418.02,,241418.02,,92904.50,,92904.50,,169618.96,,169618.96,,103228.84,,103228.84,,,,,,,,,,,,,,,,,,,,,,,,,,,,,,,,,,,,,,,,,,,,,,,,,,,,,,,,,,999693.11,0.00,999693.11,0.00%
70300 Post Construction - Furniture,,,,,,,,,,,,,,,,,,,,,,,,,,,,,,,,,,,,,1800.00,,1800.00,,,,,,,,,,,,,,,,,,,,,,,,,,,,,,,,,,,,,,,,,,,,,,,,,,,,,,,,,,1800.00,0.00,1800.00,0.00%
70310 Post Construction - Movers,,,,,,,,,,,,,,,,,,,,,,,,,52.85,,52.85,,6428.10,,6428.10,,-2791.10,,-2791.10,,,,,,,,,,,,,,,,,,,,,,,,,,,,,,,,,,,,,,,,,,,,,,,,,,,,,,,,,,,,,,3689.85,0.00,3689.85,0.00%
70336 Construction - Demolition,,,,,,,,,,,,,,,,,1988.60,,1988.60,,,,,,2745.45,,2745.45,,,,,,,,,,666.25,,666.25,,,,,,,,,,,,,,,,,,,,,,,,,,,,,,,,,,,,,,,,,,,,,,,,,,,,,,,,,,5400.30,0.00,5400.30,0.00%
"70400 General - Dumpster, Toilets, Contingency",,,,,,,,,,,,,,,,,,,,,1897.20,,1897.20,,1341.60,,1341.60,,1474.05,,1474.05,,,,,,,,,,,,,,,,,,,,,,,,,,,,,,,,,,,,,,,,,,,,,,,,,,,,,,,,,,,,,,,,,,4712.85,0.00,4712.85,0.00%
7900 Building Improvement (Capitalize),-98050.21,,-98050.21,,-29086.08,,-29086.08,,-2247.31,,-2247.31,,-108378.98,,-108378.98,,-184497.09,,-184497.09,,-166411.50,,-166411.50,,-259662.16,,-259662.16,,-208655.86,,-208655.86,,-166827.86,,-166827.86,,-175220.29,,-175220.29,,-65929.92,,-65929.92,,615488.37,,615488.37,,,,,,,,,,,,,,,,,,,,,,,,,,,,,,,,,,,,,,,,,,,,,,,,,,-849478.89,0.00,-849478.89,0.00%
Total 700 Building Headquarters,0.00,0.00,0.00,0.00,0.00,0.00,0.00,0.00,0.00,0.00,0.00,0.00,0.00,0.00,0.00,0.00,0.00,0.00,0.00,0.00,0.00,0.00,0.00,0.00,0.00,0.00,0.00,0.00,0.00,0.00,0.00,0.00,0.00,0.00,0.00,0.00,0.00,0.00,0.00,0.00,0.00,0.00,0.00,0.00,615488.37,0.00,615488.37,0.00,0.00,0.00,0.00,0.00,0.00,0.00,0.00,0.00,0.00,0.00,0.00,0.00,0.00,0.00,0.00,0.00,0.00,0.00,0.00,0.00,0.00,0.00,0.00,0.00,0.00,0.00,0.00,0.00,0.00,0.00,0.00,0.00,0.00,0.00,0.00,0.00,0.00,0.00,0.00,0.00,0.00,0.00,0.00,0.00,0.00,0.00,0.00,0.00,615488.37,0.00,615488.37,0.00%
770 Allocations,,,,,,,,,,,,,,,,,,,,,,,,,,,,,,,,,,,,,,,,,,,,,,,,,,,,,,,,,,,,,,,,,,,,,,,,,,,,,,,,,,,,,,,,,,,,,,,,,0.00,0.00,0.00,0.00%
77002 SG&A Allocations,,,,,,,,,,,,,,,,,,,,,,,,,,,,,,,,,,,,,,,,,,,,,0.00,,0.00,,,0.00,0.00,,,0.00,0.00,,,0.00,0.00,,,0.00,0.00,,,0.00,0.00,,,0.00,0.00,,,0.00,0.00,,,0.00,0.00,,,0.00,0.00,,,0.00,0.00,,,0.00,0.00,,,-0.01,0.01,,0.00,-0.01,0.01,0.00 %
Total 770 Allocations,0.00,0.00,0.00,0.00,0.00,0.00,0.00,0.00,0.00,0.00,0.00,0.00,0.00,0.00,0.00,0.00,0.00,0.00,0.00,0.00,0.00,0.00,0.00,0.00,0.00,0.00,0.00,0.00,0.00,0.00,0.00,0.00,0.00,0.00,0.00,0.00,0.00,0.00,0.00,0.00,0.00,0.00,0.00,0.00,0.00,0.00,0.00,0.00,0.00,0.00,0.00,0.00,0.00,0.00,0.00,0.00,0.00,0.00,0.00,0.00,0.00,0.00,0.00,0.00,0.00,0.00,0.00,0.00,0.00,0.00,0.00,0.00,0.00,0.00,0.00,0.00,0.00,0.00,0.00,0.00,0.00,0.00,0.00,0.00,0.00,0.00,0.00,0.00,0.00,0.00,0.00,0.00,0.00,-0.01,0.01,0.00,0.00,-0.01,0.01,0.00 %
8000 Fundraising and Community Development,10.42,,10.42,,27.58,,27.58,,,,,,146.52,,146.52,,,,,,,,,,,,,,31.36,,31.36,,1631.21,,1631.21,,,,,,,,,,,,,,,,,,,,,,,,,,,,,,,,,,,,,,,,,,,,,,,,,,,,,,,,,,,,,,1847.09,0.00,1847.09,0.00%
69530 Community Development,,,,,131.98,,131.98,,344.18,,344.18,,93.28,,93.28,,,,,,,,,,,,,,9.79,,9.79,,150.86,,150.86,,,,,,69.58,,69.58,,652.50,,652.50,,,250.00,-250.00,,88.28,250.00,-161.72,35.31 %,,250.00,-250.00,,,250.00,-250.00,,,250.00,-250.00,,,250.00,-250.00,,,250.00,-250.00,,,250.00,-250.00,,,250.00,-250.00,,,250.00,-250.00,,,250.00,-250.00,,,250.00,-250.00,,1540.45,3000.00,-1459.55,51.35 %
80010 Relationship Stewardship,,,,,,,,,36.43,,36.43,,,,,,,,,,,,,,,,,,,,,,,,,,,,,,,,,,,,,,,,,,,,,,,,,,,,,,,,,,,,,,,,,,,,,,,,,,,,,,,,,,,,,,36.43,0.00,36.43,0.00%
80015 Expansion Related Costs,101.36,,101.36,,,,,,333.00,,333.00,,44.62,,44.62,,509.76,,509.76,,11.68,,11.68,,,,,,,,,,,,,,,,,,,,,,,,,,,0.00,0.00,,,1500.00,-1500.00,,,1500.00,-1500.00,,,2000.00,-2000.00,,,0.00,0.00,,,0.00,0.00,,,4500.00,-4500.00,,,4500.00,-4500.00,,,4500.00,-4500.00,,,4500.00,-4500.00,,,4500.00,-4500.00,,,4500.00,-4500.00,,1000.42,32000.00,-30999.58,3.13 %
80020 Scholarship Expense,,,,,,,,,,,,,,,,,,,,,,,,,,,,,500.00,,500.00,,,,,,,,,,,,,,,,,,,0.00,0.00,,,0.00,0.00,,,0.00,0.00,,,0.00,0.00,,,0.00,0.00,,,0.00,0.00,,,0.00,0.00,,,500.00,-500.00,,,0.00,0.00,,,0.00,0.00,,,0.00,0.00,,,0.00,0.00,,500.00,500.00,0.00,100.00 %
Total 8000 Fundraising and Community Development,111.78,0.00,111.78,0.00,159.56,0.00,159.56,0.00,713.61,0.00,713.61,0.00,284.42,0.00,284.42,0.00,509.76,0.00,509.76,0.00,11.68,0.00,11.68,0.00,0.00,0.00,0.00,0.00,541.15,0.00,541.15,0.00,1782.07,0.00,1782.07,0.00,0.00,0.00,0.00,0.00,69.58,0.00,69.58,0.00,652.50,0.00,652.50,0.00,0.00,250.00,-250.00,0.00,88.28,1750.00,-1661.72,5.04 %,0.00,1750.00,-1750.00,0.00,0.00,2250.00,-2250.00,0.00,0.00,250.00,-250.00,0.00,0.00,250.00,-250.00,0.00,0.00,4750.00,-4750.00,0.00,0.00,5250.00,-5250.00,0.00,0.00,4750.00,-4750.00,0.00,0.00,4750.00,-4750.00,0.00,0.00,4750.00,-4750.00,0.00,0.00,4750.00,-4750.00,0.00,4924.39,35500.00,-30575.61,13.87 %
Total Expenditures,68962.66,0.00,68962.66,0.00%,72899.75,0.00,72899.75,0.00%,80936.29,0.00,80936.29,0.00%,89032.38,0.00,89032.38,0.00%,92222.09,0.00,92222.09,0.00%,87986.71,0.00,87986.71,0.00%,171843.15,0.00,171843.15,0.00%,180469.56,0.00,180469.56,0.00%,29306.50,0.00,29306.50,0.00%,133036.00,0.00,133036.00,0.00%,46819.71,0.00,46819.71,0.00%,746505.81,0.00,746505.81,0.00%,90381.77,106724.34,-16342.57,84.69 %,24905.18,101630.60,-76725.42,24.51 %,235.09,113612.54,-113377.45,0.21 %,0.00,108537.81,-108537.81,0.00%,0.00,111192.83,-111192.83,0.00%,0.00,93725.06,-93725.06,0.00%,0.00,230993.88,-230993.88,0.00%,0.00,179646.54,-179646.54,0.00%,0.00,95686.79,-95686.79,0.00%,0.00,103649.13,-103649.13,0.00%,0.00,96395.90,-96395.90,0.00%,0.00,110486.49,-110486.49,0.00%,1915542.65,1452281.91,463260.74,131.90 %
Net Operating Revenue,21147.33,0.00,21147.33,0.00%,-41412.45,0.00,-41412.45,0.00%,231013.12,0.00,231013.12,0.00%,104805.06,0.00,104805.06,0.00%,75587.32,0.00,75587.32,0.00%,-9107.75,0.00,-9107.75,0.00%,-122587.41,0.00,-122587.41,0.00%,-66745.51,0.00,-66745.51,0.00%,39947.62,0.00,39947.62,0.00%,156307.64,0.00,156307.64,0.00%,52785.46,0.00,52785.46,0.00%,-212343.76,0.00,-212343.76,0.00%,-28757.25,-55593.83,26836.58,51.73 %,-8486.70,-57059.36,48572.66,14.87 %,-235.09,-42614.44,42379.35,0.55 %,0.00,87349.20,-87349.20,0.00 %,0.00,15870.61,-15870.61,0.00 %,0.00,-43099.65,43099.65,0.00 %,0.00,-139895.74,139895.74,0.00 %,0.00,-98604.70,98604.70,0.00 %,0.00,-41853.29,41853.29,0.00 %,0.00,155922.77,-155922.77,0.00 %,0.00,125706.10,-125706.10,0.00 %,0.00,93872.33,-93872.33,0.00 %,191917.63,0.00,191917.63,0.00%
Net Revenue,21147.33,0.00,21147.33,0.00%,-41412.45,0.00,-41412.45,0.00%,231013.12,0.00,231013.12,0.00%,104805.06,0.00,104805.06,0.00%,75587.32,0.00,75587.32,0.00%,-9107.75,0.00,-9107.75,0.00%,-122587.41,0.00,-122587.41,0.00%,-66745.51,0.00,-66745.51,0.00%,39947.62,0.00,39947.62,0.00%,156307.64,0.00,156307.64,0.00%,52785.46,0.00,52785.46,0.00%,-212343.76,0.00,-212343.76,0.00%,-28757.25,-55593.83,26836.58,51.73 %,-8486.70,-57059.36,48572.66,14.87 %,-235.09,-42614.44,42379.35,0.55 %,0.00,87349.20,-87349.20,0.00 %,0.00,15870.61,-15870.61,0.00 %,0.00,-43099.65,43099.65,0.00 %,0.00,-139895.74,139895.74,0.00 %,0.00,-98604.70,98604.70,0.00 %,0.00,-41853.29,41853.29,0.00 %,0.00,155922.77,-155922.77,0.00 %,0.00,125706.10,-125706.10,0.00 %,0.00,93872.33,-93872.33,0.00 %,191917.63,0.00,191917.63,0.00%
,,,,,,,,,,,,,,,,,,,,,,,,,,,,,,,,,,,,,,,,,,,,,,,,,,,,,,,,,,,,,,,,,,,,,,,,,,,,,,,,,,,,,,,,,,,,,,,,,,,,
"Thursday, February 12, 2026 | 01:50 AM GMT -05:00",,,,,,,,,,,,,,,,,,,,,,,,,,,,,,,,,,,,,,,,,,,,,,,,,,,,,,,,,,,,,,,,,,,,,,,,,,,,,,,,,,,,,,,,,,,,,,,,,,,,